R1,C00079_[cyt]+C00026_[cyt]<==>C00166_[cyt]+C00025_[cyt],-1000,1000,0,-0.0052515519,0
R2,C00079_[cyt]+C00026_[cyt]<==>C00166_[cyt]+C00025_[cyt],-1000,1000,0,0,-0.0053260517
R3,C00082_[cyt]+C00026_[cyt]<==>C01179_[cyt]+C00025_[cyt],-1000,1000,0,-0.0038219533,-0.0038761724
R4,C00074_[cyt]+C00279_[cyt]+C00001_[cyt]-->C04691_[cyt]+C00009_[cyt],0,1000,0,0.0111985661,0.0113574316
R5,C04691_[cyt]-->C00944_[cyt]+C00009_[cyt],0,1000,0,0.0111985661,0.0113574316
R6,C00944_[cyt]<==>C02637_[cyt]+C00001_[cyt],-1000,1000,0,0.0111985661,0.0113574316
R7,C00493_[cyt]+C00006_[cyt]<==>C02637_[cyt]+C00005_[cyt]+C00080_[cyt],-1000,1000,0,-0.0111985661,-0.0113574316
R8,C00002_[cyt]+C00493_[cyt]-->C00008_[cyt]+C03175_[cyt],0,1000,0,0.0111985661,0.0113574316
R9,C00074_[cyt]+C03175_[cyt]<==>C00009_[cyt]+C01269_[cyt],-1000,1000,0,0.0111985661,0.0113574316
R10,C01269_[cyt]-->C00251_[cyt]+C00009_[cyt],0,1000,0,0.0111985661,0.0113574316
R11,C00251_[cyt]+C00064_[cyt]-->C00108_[cyt]+C00022_[cyt]+C00025_[cyt],0,1000,0,0,0
R12,C00251_[cyt]+C00014_[cyt]-->C00108_[cyt]+C00022_[cyt]+C00001_[cyt],0,1000,0,0.0020309869,0.002059799
R13,C00108_[cyt]+C00119_[cyt]-->C04302_[cyt]+C00013_[cyt],0,1000,0,0.0020309869,0.002059799
R14,C04302_[cyt]-->C01302_[cyt],0,1000,0,0.0020309869,0.002059799
R15,C01302_[cyt]-->C03506_[cyt]+C00011_[cyt]+C00001_[cyt],0,1000,0,0.0020309869,0.002059799
R16,C03506_[cyt]-->C00463_[cyt]+C00118_[cyt],0,1000,0,0.0020309869,0
R17,C00065_[cyt]+C03506_[cyt]-->C00078_[cyt]+C00118_[cyt]+C00001_[cyt],0,1000,0,0,0.002059799
R18,C00065_[cyt]+C00463_[cyt]<==>C00078_[cyt]+C00001_[cyt],-1000,1000,0,0.0020309869,0
R19,C00251_[cyt]<==>C00254_[cyt],-1000,1000,0,0.0090880805,0.0092170062
R20,C00254_[cyt]-->C00166_[cyt]+C00001_[cyt]+C00011_[cyt],0,1000,0,0.0052515519,0.0053260517
R21,C00254_[cyt]+C00003_[cyt]-->C01179_[cyt]+C00011_[cyt]+C00004_[cyt]+C00080_[cyt],0,1000,0,0.0038365286,0.0038909545
R22,C00437_[cyt]+C00026_[cyt]<==>C01250_[cyt]+C00025_[cyt],-1000,1000,0,0,0
R23,C00437_[cyt]+C00026_[cyt]<==>C01250_[cyt]+C00025_[cyt],-1000,1000,0,0,0
R24,C00064_[cyt]+C00026_[cyt]+C00004_[cyt]+C00080_[cyt]-->2*C00025_[cyt]+C00003_[cyt],0,1000,0,0,0
R25,C00002_[cyt]+C00025_[cyt]+C00014_[cyt]-->C00008_[cyt]+C00009_[cyt]+C00064_[cyt],0,1000,0,0.0407227271,0.0413004295
R26,C00002_[cyt]+C00025_[cyt]+C00014_[cyt]-->C00008_[cyt]+C00009_[cyt]+C00064_[cyt],0,1000,0,0,0
R27,C00064_[cyt]+C00001_[cyt]<==>C00025_[cyt]+C00014_[cyt],0,1000,0,0,0
R28,C00025_[cyt]+C00006_[cyt]+C00001_[cyt]<==>C00026_[cyt]+C00014_[cyt]+C00005_[cyt]+C00080_[cyt],-1000,1000,0,0,-0.1070241048
R29,C00002_[cyt]+C00025_[cyt]-->C00008_[cyt]+C03287_[cyt],0,1000,0,0.0144558481,0.0146609222
R30,C03287_[cyt]+C00005_[cyt]+C00080_[cyt]-->C01165_[cyt]+C00009_[cyt]+C00006_[cyt],0,1000,0,0.0144558481,0.0146609222
R31,C03287_[cyt]+C00005_[cyt]+C00080_[cyt]-->C01165_[cyt]+C00009_[cyt]+C00006_[cyt],0,1000,0,0,0
R32,C01165_[cyt]+C00003_[cyt]+C00001_[cyt]-->C00025_[cyt]+C00004_[cyt]+C00080_[cyt],0,1000,0,0,0
R33,C03912_[cyt]+C00003_[cyt]+2*C00001_[cyt]-->C00025_[cyt]+C00004_[cyt]+C00080_[cyt],0,1000,0,0,0
R34,C00148_[cyt]+C10385_[tlm]-->C03912_[cyt]+C16695_[tlm],0,1000,0,0,0
R35,C00148_[cyt]+C10385_[cym]-->C03912_[cyt]+C16695_[cym],0,1000,0,0,0
R36,C03912_[cyt]+C00005_[cyt]+C00080_[cyt]-->C00148_[cyt]+C00006_[cyt],0,1000,0,0.0067167639,0.0068120495
R37,C00024_[cyt]+C00025_[cyt]-->C00010_[cyt]+C00624_[cyt],0,1000,0,0,0
R38,C00437_[cyt]+C00025_[cyt]-->C00077_[cyt]+C00624_[cyt],0,1000,0,0,0
R39,C00437_[cyt]+C00001_[cyt]<==>C00033_[cyt]+C00077_[cyt],-1000,1000,0,0,0
R40,C00437_[cyt]+C00001_[cyt]<==>C00033_[cyt]+C00077_[cyt],-1000,1000,0,0,0
R41,C03912_[cyt]+C00001_[cyt]<==>C01165_[cyt],-1000,1000,0,-0.0067167639,-0.0068120495
R42,C00002_[cyt]+C00624_[cyt]-->C00008_[cyt]+C04133_[cyt],0,1000,0,0,0
R43,C01250_[cyt]+C00009_[cyt]+C00006_[cyt]<==>C04133_[cyt]+C00005_[cyt]+C00080_[cyt],-1000,1000,0,0,0
R44,C00169_[cyt]+C00077_[cyt]<==>C00009_[cyt]+C00327_[cyt],-1000,1000,0,0.0077390842,0.0078488727
R45,C03406_[cyt]-->C00122_[cyt]+C00062_[cyt],0,1000,0,0.0077390842,0.0078488727
R46,C00002_[cyt]+C00327_[cyt]+C00049_[cyt]-->C00020_[cyt]+C00013_[cyt]+C03406_[cyt],0,1000,0,0.0077390842,0.0078488727
R47,2*C00002_[cyt]+C00064_[cyt]+C00288_[cyt]+C00001_[cyt]+C00080_[cyt]-->2*C00008_[cyt]+C00009_[cyt]+C00025_[cyt]+C00169_[cyt],0,1000,0,0,0
R48,C00002_[cyt]+C00014_[cyt]+C00011_[cyt]<==>C00008_[cyt]+C00169_[cyt],-1000,1000,0,0.0168191204,0.0170577205
R49,C00244_[cyt]+2*C00138_[cyt]+2*C00080_[cyt]-->C00088_[cyt]+C00001_[cyt]+2*C00139_[cyt],0,1000,0,0.2552903455,0.2589119559
R50,C00088_[cyt]+6*C00138_[cyt]+7*C00080_[cyt]-->C00014_[cyt]+2*C00001_[cyt]+6*C00139_[cyt],0,1000,0,0.2552903455,0.2589119559
R51,C00064_[cyt]+C00026_[cyt]+2*C00138_[cyt]+2*C00080_[cyt]-->2*C00025_[cyt]+2*C00139_[cyt],0,1000,0,0,0
R52,C00062_[cyt]+C00001_[cyt]-->C00327_[cyt]+C00014_[cyt],0,1000,0,0,0
R53,C00077_[cyt]+C00026_[cyt]<==>C01165_[cyt]+C00025_[cyt],-1000,1000,0,-0.0077390842,-0.0078488727
R54,C00062_[cyt]+C10385_[tlm]+C00001_[cyt]-->C03771_[cyt]+C00014_[cyt]+C16695_[tlm],0,1000,0,0,0
R55,C00062_[cyt]+C10385_[cym]+C00001_[cyt]-->C03771_[cyt]+C00014_[cyt]+C16695_[cym],0,1000,0,0,0
R56,C03771_[cyt]+C00027_[cyt]-->C01035_[cyt]+C00011_[cyt]+C00001_[cyt],0,1000,0,0,0
R57,C01035_[cyt]+C00001_[cyt]-->C00334_[cyt]+C00086_[cyt],0,1000,0,0,0
R58,C00086_[cyt]+C00001_[cyt]-->C00011_[cyt]+2*C00014_[cyt],0,1000,0,0.0011383767,0.001154526
R59,C00148_[cyt]+C00026_[cyt]+C00007_[cyt]-->C01157_[cyt]+C00042_[cyt]+C00011_[cyt],0,1000,0,0,0
R60,C01157_[cyt]+C00006_[cyt]-->C04281_[cyt]+C00005_[cyt]+C00080_[cyt],0,1000,0,0,0
R61,C04281_[cyt]+C00003_[cyt]+2*C00001_[cyt]-->C05947_[cyt]+C00004_[cyt]+C00080_[cyt],0,1000,0,0,0
R62,C05947_[cyt]+C00026_[cyt]<==>C05946_[cyt]+C00025_[cyt],-1000,1000,0,0,0
R63,C05946_[cyt]-->C00022_[cyt]+C00048_[cyt],0,1000,0,0,0
R64,C00062_[cyt]-->C00179_[cyt]+C00011_[cyt],0,1000,0,0.0011383767,0.001154526
R65,C00188_[cyt]-->C00109_[cyt]+C00014_[cyt],0,1000,0,0.00821099,0.0083274731
R66,C01102_[cyt]+C00001_[cyt]-->C00188_[cyt]+C00009_[cyt],0,1000,0,0,0.0156317395
R67,C01102_[cyt]+C00001_[cyt]-->C00188_[cyt]+C00009_[cyt],0,1000,0,0.0154130858,0
R68,C00002_[cyt]+C00263_[cyt]-->C00008_[cyt]+C01102_[cyt],0,1000,0,0.0154130858,0.0156317395
R69,C00441_[cyt]+C00005_[cyt]+C00080_[cyt]-->C00263_[cyt]+C00006_[cyt],0,1000,0,0.018179637,0.0184375377
R70,C03082_[cyt]+C00005_[cyt]+C00080_[cyt]-->C00441_[cyt]+C00009_[cyt]+C00006_[cyt],0,1000,0,0.0243809285,0.0247268022
R71,C00002_[cyt]+C00049_[cyt]-->C00008_[cyt]+C03082_[cyt],0,1000,0,0.0243809285,0.0247268022
R72,C00441_[cyt]+C00022_[cyt]-->C03340_[cyt]+2*C00001_[cyt],0,1000,0,0.0062012914,0.0062892645
R73,C03340_[cyt]+C00005_[cyt]+C00080_[cyt]-->C03972_[cyt]+C00006_[cyt],0,1000,0,0.0062012914,0.0062892645
R74,C03972_[cyt]+C00025_[cyt]+C00001_[cyt]-->C00666_[cyt]+C00026_[cyt],0,1000,0,0.0062012914,0.0062892645
R75,C00666_[cyt]<==>C00680_[cyt],-1000,1000,0,0.0062012914,0.0062892645
R76,C00680_[cyt]-->C00047_[cyt]+C00011_[cyt],0,1000,0,0.0054836647,0.0055614573
R77,C00002_[cyt]+C00049_[cyt]+C00064_[cyt]+C00001_[cyt]-->C00020_[cyt]+C00013_[cyt]+C00152_[cyt]+C00025_[cyt],0,1000,0,0.0053095801,0.0053849031
R78,C00152_[cyt]+C00001_[cyt]-->C00049_[cyt]+C00014_[cyt],0,1000,0,0,0
R79,C00152_[cyt]+C00001_[cyt]-->C00049_[cyt]+C00014_[cyt],0,1000,0,0,0
R80,C00188_[cyt]+C00002_[cyt]-->C12147_[cyt]+C00008_[cyt],0,1000,0,6.59928523580506E-006,6.69E-06
R81,C12147_[cyt]-->C04122_[cyt]+C00011_[cyt],0,1000,0,6.59928523580506E-006,6.69E-06
R82,0.766*C00041_[cyt]+0.455*C00062_[cyt]+0.366*C00152_[cyt]+0.454*C00049_[cyt]+0.090*C00097_[cyt]+0.502*C00064_[cyt]+0.546*C00025_[cyt]+0.666*C00037_[cyt]+0.168*C00135_[cyt]+0.566*C00407_[cyt]+1.029*C00123_[cyt]+0.378*C00047_[cyt]+0.177*C00073_[cyt]+0.140*C00078_[cyt]+0.496*C00188_[cyt]+0.263*C00082_[cyt]+0.524*C00065_[cyt]+0.608*C00183_[cyt] +0.362*C00079_[cyt]+0.463*C00148_[cyt]-->9.0197*C00001_[cyt]+B1_[cyt] ,0,1000,0,0.0145070494,0.0147128499
R83,0.7749*C00458_[cyt]+0.8487*C00131_[cyt]+0.7772*C00286_[cyt]+0.8517*C00459_[cyt]-->1*B2_[cyt]+3.2525*C00013_[cyt],0,1000,0,0.000881801,0.0008943105
R84,0.8080*C00044_[cyt]+0.7300*C00002_[cyt]+0.7799*C00063_[cyt]+0.8012*C00075_[cyt]-->1*B3_[cyt]+3.1191*C00013_[cyt],0,1000,0,0.0048356831,0.0049042833
R85,0.4276*C04932_[cyt]+0.4276*E11_[cyt]-->1*B4_[cyt],0,1000,0,0.0016782665,0.0017020748
R86,0.380*C03692_MGDG_[cyt]+0.2650*C06037_DGDG_[cyt]+0.2550*C13508_SQDG_[cyt]+0.1000*C00344_PG_[cyt]-->1*B5_[cyt],0,1000,0,0.0034134234,0.003461847
R87,1.147*C00134_[cyt]+0.233*C00315_[cyt]+0.010*C00024_[cyt]+0.006*C00010_[cyt]+0.003*C00091_[cyt]+0.001*C00083_[cyt]+0.062*C00003_[cyt]+0.002*C00004_[cyt]+0.012*C00006_[cyt]+0.004*C00005_[cyt]+0.008*C00016_[cyt]+0.008*C00101_[cyt]+0.002*C04574_[cyt]+0.008*C00194_[cyt]+0.008*C00051_[cyt]+0.008*C00255_[cyt]+0.008*C00019_[cyt]+0.008*C00032_[cyt]+0.008*C15672_[cyt]+0.008*C00018_[cyt]+0.008*C00445_[cyt]+0.008*C00251_[cyt]+0.008*C15670_[cyt]+0.008*C00068_[cyt]+0.008*C00440_[cyt]+0.008*C00234_[cyt]-->B6_[cyt],0,1000,0,0.0008249107,0.000836613
R88,17.040*C00238_[cyt]+1.136*C01342_[cyt]+0.757*C00305_[cyt]+0.454*C00076_[cyt]+0.682*C14818_[cyt]+0.682*C14819_[cyt]+0.303*C00070_[cyt]+0.303*C00034_[cyt]+0.303*C06232_[cyt]+0.303*C00175_[cyt]+0.303*C00038_[cyt]+0.379*C00059_[cyt]+0.379*C01330_[cyt]+0.379*C00009_[cyt]-->B7_[cyt],0,1000,0,0.0002844519,0.0002884873
R89,0.827*C05306_[cyt]+0.134*C02094_[cyt]+0.113*C06098_[cyt]+0.098*C08592_[cyt]+0.063*C05435_[cyt]+0.010*C02477_[cyt]+0.001*C14152_[cyt]+0.001*C02483_[cyt]+0.009*C14151_[cyt]+0.067*C02059_[cyt]-->1*B8_[cyt],0,1000,0,0.0006940628,0.0007039089
R91,2*C00353_[cyt]-->C00013_[cyt]+C03427_[cyt],0,1000,0,0.0002831776,0.0002871948
R92,C03427_[cyt]-->C05413_[cyt]+C00013_[cyt],0,1000,0,0.0002831776,0.0002871948
R93,C05413_[cyt]+C00006_[cyt]-->C05414_[cyt]+C00005_[cyt]+C00080_[cyt],0,1000,0,0.0002831776,0.0002871948
R94,C05414_[cyt]+C00006_[cyt]-->C05430_[cyt]+C00005_[cyt]+C00080_[cyt],0,1000,0,0.0002831776,0.0002871948
R95,C05430_[cyt]+C00005_[cyt]+C00080_[cyt]+C00007_[cyt]-->C05431_[cyt]+2*C00001_[cyt]+C00006_[cyt],0,1000,0,0.0002831776,0.0002871948
R96,C05431_[cyt]+C00005_[cyt]+C00080_[cyt]+C00007_[cyt]-->C05432_[cyt]+2*C00001_[cyt]+C00006_[cyt],0,1000,0,0.0002831776,0.0002871948
R97,C05432_[cyt]<==>C05435_[cyt],-1000,1000,0,0.0002831776,0.0002871948
R98,C05435_[cyt]<==>C02094_[cyt],-1000,1000,0,0.0002394517,0.0002428486
R99,C02094_[cyt]+C00004_[cyt]+C00080_[cyt]+C00007_[cyt]-->C08591_[cyt]+C00003_[cyt]+C00001_[cyt],0,1000,0,7.84290916041454E-005,7.95E-05
R100,C08591_[cyt]+C00004_[cyt]+C00080_[cyt]+C00007_[cyt]-->C06098_[cyt]+C00003_[cyt]+C00001_[cyt],0,1000,0,7.84290916041454E-005,7.95E-05
R101,C08592_[cyt]+C00004_[cyt]+C00080_[cyt]+C00007_[cyt]-->C15966_[cyt]+C00003_[cyt]+C00001_[cyt],0,1000,0,0,0
R102,C02094_[cyt]+C00005_[cyt]+C00080_[cyt]+C00007_[cyt]-->C08592_[cyt]+C00006_[cyt]+C00001_[cyt]+C00080_[cyt],0,1000,0,6.80181502407632E-005,6.90E-05
R103,C01641_[cyt]+C00025_[cyt]+C00002_[cyt]-->C02987_[cyt]+C00013_[cyt]+C00020_[cyt],0,1000,0,0.0048030963,0.0048712342
R104,C02987_[cyt]+C00005_[cyt]+C00080_[cyt]-->C03741_[cyt]+C01641_[cyt]+C00006_[cyt],0,1000,0,0.0048030963,0.0048712342
R105,C00430_[cyt]<==>C03741_[cyt],-1000,1000,0,-0.0048030963,-0.0048712342
R106,2*C00430_[cyt]-->C00931_[cyt]+2*C00001_[cyt],0,1000,0,0.0024015482,0.0024356171
R107,4*C00931_[cyt]+C00001_[cyt]-->C01024_[cyt]+4*C00014_[cyt],0,1000,0,0.000600387,0.0006089043
R108,C01024_[cyt]-->C01051_[cyt]+C00001_[cyt],0,1000,0,0.000600387,0.0006089043
R109,C01051_[cyt]-->C03263_[cyt]+4*C00011_[cyt],0,1000,0,0.0005937878,0.0006022114
R110,C03263_[cyt]+C00007_[cyt]-->C01079_[cyt]+2*C00011_[cyt]+2*C00001_[cyt],0,1000,0,0.0005937878,0.0006022114
R111,C03263_[cyt]+2*C00019_[cyt]-->C01079_[cyt]+2*C00011_[cyt]+2*C00073_[cyt]+2*C05198_[cyt],0,1000,0,0,0
R112,C03263_[cyt]+2*C00019_[cyt]-->C01079_[cyt]+2*C00011_[cyt]+2*C00073_[cyt]+2*C05198_[cyt],0,1000,0,0,0
R113,2*C01079_[cyt]+3*C00007_[cyt]-->2*C02191_[cyt]+6*C00001_[cyt],0,1000,0,0,0
R114,2*C01079_[cyt]+3*C00007_[cyt]-->2*C02191_[cyt]+6*C00001_[cyt],0,1000,0,0.0002968939,0.0003011057
R115,C00002_[cyt]+C02191_[cyt]+C00305_[cyt]+C00001_[cyt]-->C00008_[cyt]+C00009_[cyt]+C03516_[cyt]+2*C00080_[cyt],0,1000,0,0.0005739899,0.0005821327
R116,C00019_[cyt]+C03516_[cyt]-->C00021_[cyt]+C04536_[cyt],0,1000,0,0.0005739899,0.0005821327
R117,C04536_[cyt]+C00005_[cyt]+C00080_[cyt]+C00007_[cyt]-->C11829_[cyt]+C00006_[cyt]+C00001_[cyt],0,1000,0,0,0
R118,C04536_[cyt]+C00005_[cyt]+C00080_[cyt]+C00007_[cyt]-->C11829_[cyt]+C00006_[cyt]+C00001_[cyt],0,1000,0,0,0.0005821327
R119,C04536_[cyt]+C00005_[cyt]+C00080_[cyt]+C00007_[cyt]-->C11829_[cyt]+C00006_[cyt]+C00001_[cyt],0,1000,0,0.0005739899,0
R120,C11829_[cyt]+C00005_[cyt]+C00080_[cyt]+C00007_[cyt]-->C11830_[cyt]+C00006_[cyt]+2*C00001_[cyt],0,1000,0,0,0
R121,C11829_[cyt]+C00005_[cyt]+C00080_[cyt]+C00007_[cyt]-->C11830_[cyt]+C00006_[cyt]+2*C00001_[cyt],0,1000,0,0,0.0005821327
R122,C11829_[cyt]+C00005_[cyt]+C00080_[cyt]+C00007_[cyt]-->C11830_[cyt]+C00006_[cyt]+2*C00001_[cyt],0,1000,0,0.0005739899,0
R123,C11830_[cyt]+C00005_[cyt]+C00080_[cyt]+C00007_[cyt]-->C11831_[cyt]+C00006_[cyt]+2*C00001_[cyt],0,1000,0,0,0
R124,C11830_[cyt]+C00005_[cyt]+C00080_[cyt]+C00007_[cyt]-->C11831_[cyt]+C00006_[cyt]+2*C00001_[cyt],0,1000,0,0,0.0005821327
R125,C11830_[cyt]+C00005_[cyt]+C00080_[cyt]+C00007_[cyt]-->C11831_[cyt]+C00006_[cyt]+2*C00001_[cyt],0,1000,0,0.0005739899,0
R126,C11831_[cyt]+C00005_[cyt]+C00080_[cyt]-->C02880_[cyt]+C00006_[cyt],0,1000,0,0.0005739899,0.0005821327
R127,C02880_[cyt]+C00005_[cyt]+C00080_[cyt]-->C02139_[cyt]+C00006_[cyt],0,1000,0,0,0
R128,C02880_[cyt]+C00139_[cyt]+2*C00008_[cyt]+2*C00009_[cyt]-->C02139_[cyt]+C00138_[cyt]+2*C00002_[cyt],0,1000,0,0.0005739899,0.0005821327
R129,C02139_[cyt]+C05427_[cyt]-->C05306_[cyt]+C00013_[cyt],0,1000,0,0.0005739899,0.0005821327
R130,C00143_[cyt]+C00005_[cyt]+C00080_[cyt]-->C00440_[cyt]+C00006_[cyt],0,1000,0,0.0034617063,0.0035108149
R131,C00044_[cyt]+C00001_[cyt]-->C04895_[cyt]+C00058_[cyt],0,1000,0,2.63971409432147E-005,2.68E-05
R132,C04895_[cyt]+C00001_[cyt]-->C05925_[cyt]+C00013_[cyt],0,1000,0,2.63971409432147E-005,2.68E-05
R133,C05925_[cyt]+C00001_[cyt]-->C04874_[cyt]+C00009_[cyt],0,1000,0,2.63971409432147E-005,2.68E-05
R134,C04874_[cyt]-->C00266_[cyt]+C01300_[cyt],0,1000,0,2.63971409432147E-005,2.68E-05
R135,C00266_[cyt]+C00003_[cyt]+C00001_[cyt]-->C00160_[cyt]+C00004_[cyt]+C00080_[cyt],0,1000,0,2.63971409432147E-005,2.68E-05
R136,C00002_[cyt]+C01300_[cyt]<==>C00020_[cyt]+C04807_[cyt],-1000,1000,0,0,0
R137,C04807_[cyt]+C00568_[cyt]-->C00013_[cyt]+C00921_[cyt],0,1000,0,0,0
R138,C01300_[cyt]+C00568_[cyt]-->C00921_[cyt]+C00001_[cyt],0,1000,0,2.63971409432147E-005,2.68E-05
R139,C11355_[cyt]-->C00568_[cyt]+C00022_[cyt],0,1000,0,2.63971409432147E-005,2.68E-05
R140,C00251_[cyt]+C00064_[cyt]-->C11355_[cyt]+C00025_[cyt],0,1000,0,2.63971409432147E-005,2.68E-05
R141,C00002_[cyt]+C00921_[cyt]+C00025_[cyt]-->C00008_[cyt]+C00009_[cyt]+C00415_[cyt],0,1000,0,2.63971409432147E-005,2.68E-05
R142,C00002_[cyt]+C00921_[cyt]+C00025_[cyt]-->C00008_[cyt]+C00009_[cyt]+C00415_[cyt],0,1000,0,0,0
R143,C00415_[cyt]+C00005_[cyt]+C00080_[cyt]-->C00101_[cyt]+C00006_[cyt],0,1000,0,2.63971409432147E-005,2.68E-05
R144,C00234_[cyt]+C00001_[cyt]-->C00058_[cyt]+C00101_[cyt],0,1000,0,0,0
R145,C00445_[cyt]+C00001_[cyt]<==>C00234_[cyt]+C00080_[cyt],-1000,1000,0,0.0203969627,0.0116258892
R146,C00143_[cyt]+C00006_[cyt]<==>C00445_[cyt]+C00005_[cyt],-1000,1000,0,0.020403562,0.0206930119
R147,C00002_[cyt]+C00001_[cyt]-->C00008_[cyt]+C00009_[cyt],0.13,0.13,0,0.13,0.13
R148,C00288_[cax]+C00080_[cax]<==>C01353_[cax],-1000,1000,0,1.2136690451,1.2308864468
R149,C00343_[cyt]+C00005_[cyt]+C00080_[cyt]-->C00342_[cyt]+C00006_[cyt],0,1000,0,0,0
R150,C01353_[cax]<==>C00011_[cax]+C00001_[cax],-1000,1000,0,0,0
R151,C01353_[cax]<==>C00011_[cax]+C00001_[cax],-1000,1000,0,1.2136690451,1.2308864468
R152,C00013_[cyt]+C00001_[cyt]-->2*C00009_[cyt],0,1000,0,0,0
R153,1*C00013_[cyt]+1*C00002_[cyt]<==>1*C00008_[cyt]+1*C00536_[cyt],-1000,1000,0,-6.59928523580506E-006,-6.69E-06
R154,1*C00009_[cyt]+1*C00002_[cyt]<==>1*C00008_[cyt]+1*C00013_[cyt],-1000,1000,0,-0.247558846,-0.2510707754
R155,C00005_[cyt]+C00003_[cyt]<==>C00006_[cyt]+C00004_[cyt],-1000,1000,0,-2.1644257651,0
R156,2*C00704_[cyt]+2*C00080_[cyt]-->C00027_[cyt]+C00007_[cyt],0,1000,0,0.0475,0.0475
R157,2*C00027_[cyt]-->C00007_[cyt]+2*C00001_[cyt],0,1000,0,0.0237862961,0.023786811
R158,C00027_[cyt]+2*C00051_[cyt]-->C00127_[cyt]+2*C00001_[cyt],0,1000,0,0,0
R159,C00027_[cyt]+2*C00051_[cyt]-->C00127_[cyt]+2*C00001_[cyt],0,1000,0,0,0
R160,2*C00051_[cyt]+C00006_[cyt]<==>C00127_[cyt]+C00005_[cyt]+C00080_[cyt],-1000,1000,0,0,0
R161,C01342_[cyt]<==>C00014_[cyt]+C00080_[cyt],-1000,1000,0,-0.0003231374,-0.0003277215
R162,1.2759*C00093_[cyt]+1.3302*C05764_[cyt]+0.0774*C16520_[cyt]+0.0034*C04088_[cyt]+0.0635*C01203_[cyt]+0.4236*C16160_[cyt]+0.6315*E17_[cyt]+0.0032*C16161_[cyt]+0.0190*E36_[cyt]-->C00416_MGDG_[cyt]+2.5518*C00229_[cyt],0,1000,0,0.0012971009,0.0013155019
R163,1.2954*C00093_[cyt]+1.3061*C05764_[cyt]+0.0965*C16520_[cyt]+0.0223*C04088_[cyt]+0.0584*C01203_[cyt]+0.3334*C16160_[cyt]+0.7253*E17_[cyt]+0.0095*C16161_[cyt]+0.0393*E36_[cyt]-->C00416_DGDG_[cyt]+2.5908*C00229_[cyt],0,1000,0,0.0009045572,0.0009173895
R164,1.3747*C00093_[cyt]+1.5612*C05764_[cyt]+0.1804*C16520_[cyt]+0.0343*C04088_[cyt]+0.4011*C01203_[cyt]+0.5331*C16160_[cyt]+0.0228*E17_[cyt]+0.0165*C16161_[cyt]-->C00416_SQDG_[cyt]+2.7494*C00229_[cyt],0,1000,0,0.000870423,0.000882771
R165,1.32535*C00093_[cyt]+1.3327*C05764_[cyt]+0.0227*C16520_[cyt]+0.0457*C04088_[cyt]+0.1701*C01203_[cyt]+0.8637*C16160_[cyt]+0.2158*E17_[cyt]*-->C00416_PG_[cyt]+2.6507*C00229_[cyt],0,1000,0,0.0003413423,0.0003461847
R166,C00416_MGDG_[cyt]+C00001_[cyt]-->C00641_MGDG_[cyt]+C00009_[cyt],0,1000,0,0.0012971009,0.0013155019
R167,C00416_DGDG_[cyt]+C00001_[cyt]-->C00641_DGDG_[cyt]+C00009_[cyt],0,1000,0,0.0009045572,0.0009173895
R168,C00416_SQDG_[cyt]+C00001_[cyt]-->C00641_SQDG_[cyt]+C00009_[cyt],0,1000,0,0.000870423,0.000882771
R169,C00002_[cyt]+C00641_MGDG_[cyt]-->C00008_[cyt]+C00416_MGDG_[cyt],0,1000,0,0,0
R170,C00002_[cyt]+C00641_DGDG_[cyt]-->C00008_[cyt]+C00416_DGDG_[cyt],0,1000,0,0,0
R171,C00002_[cyt]+C00641_SQDG_[cyt]-->C00008_[cyt]+C00416_SQDG_[cyt],0,1000,0,0,0
R172,C00063_[cyt]+C00416_PG_[cyt]-->C00013_[cyt]+C00269_PG_[cyt],0,1000,0,0.0003413423,0.0003461847
R173,C00269_PG_[cyt]+C00093_[cyt]-->C00055_[cyt]+C03892_PG_[cyt],0,1000,0,0.0003413423,0.0003461847
R174,C03892_PG_[cyt]+C00001_[cyt]-->C00344_PG_[cyt]+C00009_[cyt],0,1000,0,0.0003413423,0.0003461847
R175,C00029_[cyt]+C00094_[cyt]-->C11521_[cyt]+C00001_[cyt],0,1000,0,0.000870423,0.000882771
R176,C11521_[cyt]+C00641_SQDG_[cyt]-->C13508_SQDG_[cyt]+C00015_[cyt],0,1000,0,0.000870423,0.000882771
R177,C00029_[cyt]+C00641_MGDG_[cyt]-->C00015_[cyt]+C04046_MGDG_[cyt],0,1000,0,0.0012971009,0.0013155019
R178,C00029_[cyt]+C00641_DGDG_[cyt]-->C00015_[cyt]+C04046_DGDG_[cyt],0,1000,0,0.0018091144,0.0018347789
R179,C04046_MGDG_[cyt]<==>C03692_MGDG_[cyt],-1000,1000,0,0.0012971009,0.0013155019
R180,C04046_DGDG_[cyt]<==>C03692_DGDG_[cyt],-1000,1000,0,0.0018091144,0.0018347789
R181,2*C03692_DGDG_[cyt]-->C06037_DGDG_[cyt]+C00641_DGDG_[cyt],0,1000,0,0.0009045572,0.0009173895
R182,C00065_[cyt]+C00024_[cyt]-->C00979_[cyt]+C00010_[cyt],0,1000,0,0.0013353312,0.0013542746
R183,C00979_[cyt]+C00283_[cyt]-->C00097_[cyt]+C00033_[cyt],0,1000,0,0,0.0013542746
R184,C00979_[cyt]+C00283_[cyt]-->C00097_[cyt]+C00033_[cyt],0,1000,0,0.0013353312,0
R185,C00002_[cyt]+C00059_[cyt]-->C00013_[cyt]+C00224_[cyt],0,1000,0,0.0049723054,0.0050428437
R186,C00002_[cyt]+C00224_[cyt]-->C00008_[cyt]+C00053_[cyt],0,1000,0,0.0049723054,0.0050428437
R187,C00342_[cyt]+C00053_[cyt]-->C00343_[cyt]+C00094_[cyt]+C00054_[cyt],0,1000,0,0.0049723054,0.0050428437
R188,C00054_[cyt]+C00001_[cyt]-->C00020_[cyt]+C00009_[cyt],0,1000,0,0.0049723054,0.0050428437
R189,C00094_[cyt]+6*C00138_[cyt]+6*C00080_[cyt]-->C00283_[cyt]+6*C00139_[cyt]+3*C00001_[cyt],0,1000,0,0.0041018825,0.0041600727
R190,C00065_[cyt]-->C00022_[cyt]+C00014_[cyt],0,1000,0,0,0
R191,C00143_[cyt]+C00037_[cyt]+C00001_[cyt]<==>C00101_[cyt]+C00065_[cyt],-1000,1000,0,-0.0246327964,-0.0029232
R192,C00037_[cyt]+C00101_[cyt]+C00003_[cyt]-->C00143_[cyt]+C00014_[cyt]+C00011_[cyt]+C00004_[cyt]+C00080_[cyt],0,1000,0,0,0.0220590432
R193,C00440_[cyt]+C00155_[cyt]-->C00101_[cyt]+C00073_[cyt],0,1000,0,0.003455107,0.003504122
R194,C00021_[cyt]+C00001_[cyt]-->C00212_[cyt]+C00155_[cyt],0,1000,0,0.0006885558,0.0006983238
R195,C00019_[cyt]+C00856_[cyt]-->C00021_[cyt]+C02967_[cyt],0,1000,0,0,0
R196,C00002_[cyt]+C00073_[cyt]+C00001_[cyt]-->C00009_[cyt]+C00013_[cyt]+C00019_[cyt],0,1000,0,0.0009005578,0.0009133333
R197,C00258_[cyt]+C00006_[cyt]<==>C00168_[cyt]+C00005_[cyt]+C00080_[cyt],-1000,1000,0,-2.2482023518,0
R198,C00065_[cyt]+C00048_[cyt]<==>C00168_[cyt]+C00037_[cyt],-1000,1000,0,2.2482023518,0
R199,C00002_[cyt]+C00258_[cyt]-->C00008_[cyt]+C00631_[cyt],0,1000,0,0,0
R200,C01146_[cyt]+C00005_[cyt]+C00080_[cyt]-->C00258_[cyt]+C00006_[cyt],0,1000,0,0.0217504856,0
R201,2*C00048_[cyt]-->C01146_[cyt]+C00011_[cyt],0,1000,0,0.0217504856,0
R202,C00048_[cyt]+C00007_[cyt]+C00001_[cyt]-->C00209_[cyt]+C00027_[cyt],0,1000,0,0,0
R203,C15811_[cyt]+C00097_[cyt]-->C15812_[cyt]+C00041_[cyt],0,1000,0,0,0
R204,C15811_[cyt]+C00097_[cyt]-->C15812_[cyt]+C00041_[cyt],0,1000,0,0,0
R205,C15811_[cyt]+C00097_[cyt]-->C15812_[cyt]+C00041_[cyt],0,1000,0,0,0
R206,C00037_[cyt]+C00026_[cyt]<==>C00048_[cyt]+C00025_[cyt],-1000,1000,0,2.4454485219,0.0709612038
R207,C00024_[cyt]+C00263_[cyt]-->C00010_[cyt]+C01077_[cyt],0,1000,0,0.0027665512,0.0028057982
R208,C01077_[cyt]+C00283_[cyt]-->C00155_[cyt]+C00033_[cyt],0,1000,0,0.0027665512,0.0028057982
R209,C00037_[cyt]+C00001_[cyt]+C00007_[cyt]-->C00048_[cyt]+C00014_[cyt]+C00027_[cyt],0,1000,0,0,0
R210,C00053_[cyt]+C00001_[cyt]-->C00224_[cyt]+C00009_[cyt],0,1000,0,0,0
R211,C00037_[cyt]+C00001_[cyt]+C00003_[cyt]<==>C00048_[cyt]+C00014_[cyt]+C00004_[cyt]+C00080_[cyt],-1000,1000,0,-0.1913077521,-0.1090566284
R212,C00019_[cyt]+C00080_[cyt]-->C01137_[cyt]+C00011_[cyt],0,1000,0,0.0001922042,0.0001949308
R213,C00002_[cyt]+C00025_[cyt]+C00097_[cyt]-->C00008_[cyt]+C00009_[cyt]+C00669_[cyt],0,1000,0,6.59928523580506E-006,6.69E-06
R214,C00002_[cyt]+C00669_[cyt]+C00037_[cyt]-->C00008_[cyt]+C00009_[cyt]+C00051_[cyt],0,1000,0,6.59928523580506E-006,6.69E-06
R215,C00051_[cyt]+C00001_[cyt]-->C01419_[cyt]+C00025_[cyt],0,1000,0,0,0
R216,C01419_[cyt]+C00001_[cyt]-->C00097_[cyt]+C00037_[cyt],0,1000,0,0,0
R217,C01419_[cyt]+C00001_[cyt]-->C00097_[cyt]+C00037_[cyt],0,1000,0,0,0
R218,C00197_[cyt]+C00003_[cyt]<==>C03232_[cyt]+C00004_[cyt]+C00080_[cyt],-1000,1000,0,2.2838031603,0.0140468069
R219,C01005_[cyt]+C00026_[cyt]<==>C03232_[cyt]+C00025_[cyt],-1000,1000,0,-2.2838031603,-0.0140468069
R220,C01005_[cyt]+C00001_[cyt]-->C00065_[cyt]+C00009_[cyt],0,1000,0,2.2838031603,0.0140468069
R221,C00002_[cyt]+C00031_[cyt]-->C00008_[cyt]+C00092_[cyt],0,1000,0,0,0
R222,C00002_[cyt]+C00031_[cyt]-->C00008_[cyt]+C00092_[cyt],0,1000,0,0,0
R223,C00092_[cyt]<==>C00085_[cyt],-1000,1000,0,-0.0099589472,-0.0101002272
R224,C00354_[cyt]+C00001_[cyt]-->C00085_[cyt]+C00009_[cyt],0,1000,0,0,0.5010724394
R225,C00354_[cyt]+C00001_[cyt]-->C00085_[cyt]+C00009_[cyt],0,1000,0,0.494063535,0
R226,C00002_[cyt]+C00085_[cyt]-->C00008_[cyt]+C00354_[cyt],0,1000,0,0,0
R227,C00002_[cyt]+C00085_[cyt]-->C00008_[cyt]+C00354_[cyt],0,1000,0,0,0
R228,C00354_[cyt]<==>C00111_[cyt]+C00118_[cyt],-1000,1000,0,-0.494063535,0
R229,C00354_[cyt]<==>C00111_[cyt]+C00118_[cyt],-1000,1000,0,0,-0.5010724394
R230,C00118_[cyt]<==>C00111_[cyt],-1000,1000,0,-1.3009707496,0.9827283014
R231,C00236_[cyt]+C00005_[cyt]+C00080_[cyt]-->C00118_[cyt]+C00009_[cyt]+C00006_[cyt],0,1000,0,0,2.3021549357
R232,C00118_[cyt]+C00009_[cyt]+C00003_[cyt]-->C00236_[cyt]+C00004_[cyt]+C00080_[cyt],0,1000,0,0,0
R233,C00002_[cyt]+C00197_[cyt]<==>C00008_[cyt]+C00236_[cyt],-1000,1000,0,0,2.3021549357
R234,C00631_[cyt]<==>C00197_[cyt],-1000,1000,0,0,0
R235,C00631_[cyt]<==>C00197_[cyt],-1000,1000,0,-0.1810710859,0
R236,C00631_[cyt]<==>C00197_[cyt],-1000,1000,0,0,-0.183639804
R237,C00631_[cyt]<==>C00197_[cyt],-1000,1000,0,0,0
R238,C00631_[cyt]<==>C00074_[cyt]+C00001_[cyt],-1000,1000,0,0.1810710859,0.183639804
R239,C00103_[cyt]<==>C00092_[cyt],-1000,1000,0,-0.0099589472,-0.0101002272
R240,C00002_[cyt]+C00095_[cyt]<==>C00008_[cyt]+C00085_[cyt],-1000,1000,0,0,0
R241,C00275_[cyt]<==>C00085_[cyt],-1000,1000,0,0,0
R242,C00275_[cyt]<==>C00636_[cyt],-1000,1000,0,0,0
R243,C00275_[cyt]<==>C00636_[cyt],-1000,1000,0,0,0
R244,C00044_[cyt]+C00636_[cyt]-->C00013_[cyt]+C00096_[cyt],0,1000,0,0,0
R245,C00044_[cyt]+C00636_[cyt]-->C00013_[cyt]+C00096_[cyt],0,1000,0,0,0
R246,C00035_[cyt]+C00636_[cyt]-->C00009_[cyt]+C00096_[cyt],0,1000,0,0,0
R247,C00035_[cyt]+C00636_[cyt]-->C00009_[cyt]+C00096_[cyt],0,1000,0,0,0
R248,C00459_[cyt]+C00103_[cyt]-->C00013_[cyt]+C00842_[cyt],0,1000,0,0,0
R249,C00063_[cyt]+C00103_[cyt]-->C00013_[cyt]+C00501_[cyt],0,1000,0,0,0
R250,C00842_[cyt]<==>C02097_[cyt],-1000,1000,0,0,0
R251,C00842_[cyt]<==>C02097_[cyt],-1000,1000,0,0,0
R252,C00842_[cyt]<==>C02097_[cyt],-1000,1000,0,0,0
R253,C00842_[cyt]-->C11907_[cyt]+C00001_[cyt],0,1000,0,0,0
R254,C00842_[cyt]-->C11907_[cyt]+C00001_[cyt],0,1000,0,0,0
R255,C11907_[cyt]-->C00688_[cyt],0,1000,0,0,0
R256,C11907_[cyt]-->C00688_[cyt],0,1000,0,0,0
R257,C00688_[cyt]+C00005_[cyt]+C00080_[cyt]-->C03319_[cyt]+C00006_[cyt],0,1000,0,0,0
R258,C00075_[cyt]+C00103_[cyt]<==>C00013_[cyt]+C00029_[cyt],-1000,1000,0,0.0039766383,0.0040330518
R259,C00029_[cyt]<==>C00052_[cyt],-1000,1000,0,0,0
R260,C00577_[cyt]+C00003_[cyt]+C00001_[cyt]<==>C00258_[cyt]+C00004_[cyt]+C00080_[cyt],-1000,1000,0,-2.2699528374,0
R261,C00116_[cyt]+C00006_[cyt]<==>C00577_[cyt]+C00005_[cyt]+C00080_[cyt],-1000,1000,0,-2.2699528374,0
R262,C00002_[cyt]+C00116_[cyt]-->C00008_[cyt]+C00093_[cyt],0,1000,0,2.2699528374,0
R263,C00093_[cyt]+C00003_[cyt]<==>C00111_[cyt]+C00004_[cyt]+C00080_[cyt],-1000,1000,0,2.2651357921,-0.0048853811
R264,C00093_[cyt]+C10385_[tlm]-->C00111_[cyt]+C16695_[tlm],0,1000,0,0,0
R265,C00093_[cyt]+C10385_[cym]-->C00111_[cyt]+C16695_[cym],0,1000,0,0,0
R266,C00029_[cyt]+C00085_[cyt]-->C00015_[cyt]+C02591_[cyt],0,1000,0,0,0
R267,C02591_[cyt]+C00001_[cyt]-->C00089_[cyt]+C00009_[cyt],0,1000,0,0,0
R268,C02191_[cyt]+C14818_[cyt]-->C00032_[cyt]+2*C00080_[cyt],0,1000,0,1.97978557074152E-005,2.01E-05
R269,C00032_[cyt]+C00001_[cyt]+C00448_[cyt]<==>C15672_[cyt]+C00013_[cyt],-1000,1000,0,1.31985704716101E-005,1.34E-05
R270,C15672_[cyt]+C00001_[cyt]<==>C15670_[cyt]+4*C00080_[cyt],-1000,1000,0,6.59928523580506E-006,6.69E-06
R271,C00002_[cyt]+C00119_[cyt]-->C02739_[cyt]+C00013_[cyt],0,1000,0,0.0024371843,0.0024717588
R272,C02739_[cyt]+C00001_[cyt]-->C02741_[cyt]+C00013_[cyt],0,1000,0,0.0024371843,0.0024717588
R273,C02741_[cyt]+C00001_[cyt]-->C04896_[cyt],0,1000,0,0.0024371843,0.0024717588
R274,C04896_[cyt]-->C04916_[cyt],0,1000,0,0.0024371843,0.0024717588
R275,C04916_[cyt]+C00064_[cyt]-->C04666_[cyt]+C04677_[cyt]+C00025_[cyt],0,1000,0,0,0
R276,C04916_[cyt]+C00064_[cyt]-->C04666_[cyt]+C04677_[cyt]+C00025_[cyt],0,1000,0,0.0024371843,0.0024717588
R277,C04666_[cyt]-->C01267_[cyt]+C00001_[cyt],0,1000,0,0.0024371843,0.0024717588
R278,C01100_[cyt]+C00026_[cyt]<==>C01267_[cyt]+C00025_[cyt],-1000,1000,0,-0.0024371843,-0.0024717588
R279,C01100_[cyt]+C00001_[cyt]-->C00860_[cyt]+C00009_[cyt],0,1000,0,0.0024371843,0.0024717588
R280,C00860_[cyt]+C00003_[cyt]-->C01929_[cyt]+C00004_[cyt]+C00080_[cyt],0,1000,0,0,0.0024717588
R281,C00860_[cyt]+C00003_[cyt]-->C01929_[cyt]+C00004_[cyt]+C00080_[cyt],0,1000,0,0.0024371843,0
R282,C01929_[cyt]+C00001_[cyt]+C00003_[cyt]-->C00135_[cyt]+C00004_[cyt]+C00080_[cyt],0,1000,0,0,0
R283,C01929_[cyt]+C00001_[cyt]+C00003_[cyt]-->C00135_[cyt]+C00004_[cyt]+C00080_[cyt],0,1000,0,0.0024371843,0.0024717588
R284,C00022_[cyt]+C00068_[cyt]-->C05125_[cyt]+C00011_[cyt],0,1000,0,0.0319755281,0.0324291407
R285,C05125_[cyt]+C00022_[cyt]-->C00900_[cyt]+C00068_[cyt],0,1000,0,0.0237645381,0.0241016676
R286,C00109_[cyt]+C05125_[cyt]-->C06006_[cyt]+C00068_[cyt],0,1000,0,0.00821099,0.0083274731
R287,C00900_[cyt]+C00005_[cyt]+C00080_[cyt]-->C04039_[cyt]+C00006_[cyt],0,1000,0,0.0237645381,0.0241016676
R288,C06006_[cyt]-->C14463_[cyt],0,1000,0,0.00821099,0.0083274731
R289,C14463_[cyt]+C00005_[cyt]+C00080_[cyt]-->C06007_[cyt]+C00006_[cyt],0,1000,0,0.00821099,0.0083274731
R290,C04039_[cyt]-->C00141_[cyt]+C00001_[cyt],0,1000,0,0.0237645381,0.0241016676
R291,C06007_[cyt]-->C00671_[cyt]+C00001_[cyt],0,1000,0,0.00821099,0.0083274731
R292,C00123_[cyt]+C00026_[cyt]<==>C00233_[cyt]+C00025_[cyt],-1000,1000,0,-0.0149277539,-0.0151395226
R293,C00183_[cyt]+C00026_[cyt]<==>C00141_[cyt]+C00025_[cyt],-1000,1000,0,-0.0088202861,-0.0089454128
R294,C00407_[cyt]+C00026_[cyt]<==>C00671_[cyt]+C00025_[cyt],-1000,1000,0,-0.00821099,-0.0083274731
R295,C00024_[cyt]+C00141_[cyt]+C00001_[cyt]-->C02504_[cyt]+C00010_[cyt],0,1000,0,0,0.0151395226
R296,C00024_[cyt]+C00141_[cyt]+C00001_[cyt]-->C02504_[cyt]+C00010_[cyt],0,1000,0,0.0149277539,0
R297,C02504_[cyt]-->C02631_[cyt]+C00001_[cyt],0,1000,0,0.0149277539,0.0151395226
R298,C02631_[cyt]+C00001_[cyt]-->C04411_[cyt],0,1000,0,0.0149277539,0.0151395226
R299,C04411_[cyt]+C00003_[cyt]-->C04236_[cyt]+C00004_[cyt]+C00080_[cyt],0,1000,0,0.0149277539,0.0151395226
R300,C04236_[cyt]-->C00233_[cyt]+C00011_[cyt],0,1000,0,0.0149277539,0.0151395226
R301,C00024_[cyt]+C00022_[cyt]+C00001_[cyt]-->C02612_[cyt]+C00010_[cyt],0,1000,0,0,0
R302,C02612_[cyt]<==>C02226_[cyt]+C00001_[cyt],-1000,1000,0,0,0
R303,C02226_[cyt]+C00001_[cyt]<==>C06032_[cyt],-1000,1000,0,0,0
R304,C06032_[cyt]+C00003_[cyt]-->C00109_[cyt]+C00011_[cyt]+C00004_[cyt]+C00080_[cyt],0,1000,0,0,0
R305,C00092_[cyt]-->C04006_[cyt],0,1000,0,0,0
R306,C00092_[cyt]-->C04006_[cyt],0,1000,0,0,0
R307,C04006_[cyt]+C00001_[cyt]-->C00137_[cyt]+C00009_[cyt],0,1000,0,0,0
R308,C04006_[cyt]+C00001_[cyt]-->C00137_[cyt]+C00009_[cyt],0,1000,0,0,0
R309,C04006_[cyt]+C00001_[cyt]-->C00137_[cyt]+C00009_[cyt],0,1000,0,0,0
R310,C00024_[cyt]+C00229_[cyt]-->C00010_[cyt]+C03939_[cyt],0,1000,0,0.0118219129,0.0119896214
R311,C03939_[cyt]+C01209_[cyt]-->C05744_[cyt]+C00011_[cyt]+C00229_[cyt],0,1000,0,0,0
R312,C03939_[cyt]+C01209_[cyt]-->C05744_[cyt]+C00011_[cyt]+C00229_[cyt],0,1000,0,0,0
R313,C03939_[cyt]+C01209_[cyt]-->C05744_[cyt]+C00011_[cyt]+C00229_[cyt],0,1000,0,0.0118219129,0.0119896214
R314,C00002_[cyt]+C00024_[cyt]+C00288_[cyt]+C00080_[cyt]-->C00008_[cyt]+C00009_[cyt]+C00083_[cyt],0,1000,0,0.083761999,0.084950267
R315,C00083_[cyt]+C00229_[cyt]-->C00010_[cyt]+C01209_[cyt],0,1000,0,0.0837611741,0.0849494303
R316,C05745_[cyt]+C01209_[cyt]-->C05746_[cyt]+C00011_[cyt]+C00229_[cyt],0,1000,0,0,0.0119896214
R317,C05745_[cyt]+C01209_[cyt]-->C05746_[cyt]+C00011_[cyt]+C00229_[cyt],0,1000,0,0.0118219129,0
R318,C05749_[cyt]+C01209_[cyt]-->C05750_[cyt]+C00011_[cyt]+C00229_[cyt],0,1000,0,0,0
R319,C05749_[cyt]+C01209_[cyt]-->C05750_[cyt]+C00011_[cyt]+C00229_[cyt],0,1000,0,0.0118219129,0.0119896214
R320,C05752_[cyt]+C01209_[cyt]-->C05753_[cyt]+C00011_[cyt]+C00229_[cyt],0,1000,0,0,0.0119896214
R321,C05752_[cyt]+C01209_[cyt]-->C05753_[cyt]+C00011_[cyt]+C00229_[cyt],0,1000,0,0.0118219129,0
R322,C05755_[cyt]+C01209_[cyt]-->C05756_[cyt]+C00011_[cyt]+C00229_[cyt],0,1000,0,0,0.0119896214
R323,C05755_[cyt]+C01209_[cyt]-->C05756_[cyt]+C00011_[cyt]+C00229_[cyt],0,1000,0,0.0118219129,0
R324,C05223_[cyt]+C01209_[cyt]-->C05759_[cyt]+C00011_[cyt]+C00229_[cyt],0,1000,0,0,0.0119896214
R325,C05223_[cyt]+C01209_[cyt]-->C05759_[cyt]+C00011_[cyt]+C00229_[cyt],0,1000,0,0.0118219129,0
R326,C05761_[cyt]+C01209_[cyt]-->C05762_[cyt]+C00011_[cyt]+C00229_[cyt],0,1000,0,0,0
R327,C05761_[cyt]+C01209_[cyt]-->C05762_[cyt]+C00011_[cyt]+C00229_[cyt],0,1000,0,0.0089514059,0.0090783927
R328,C05764_[cyt]+C01209_[cyt]-->C16219_[cyt]+C00229_[cyt]+C00011_[cyt],0,1000,0,0,0
R329,C05764_[cyt]+C01209_[cyt]-->C16219_[cyt]+C00229_[cyt]+C00011_[cyt],0,1000,0,0.0038782907,0.0039333091
R330,C04618_[cyt]+C00006_[cyt]<==>C05744_[cyt]+C00005_[cyt]+C00080_[cyt],-1000,1000,0,0,0
R331,C04618_[cyt]+C00006_[cyt]<==>C05744_[cyt]+C00005_[cyt]+C00080_[cyt],-1000,1000,0,-0.0118219129,-0.0119896214
R332,C04618_[cyt]+C00006_[cyt]<==>C05744_[cyt]+C00005_[cyt]+C00080_[cyt],-1000,1000,0,0,0
R333,C05747_[cyt]+C00006_[cyt]<==>C05746_[cyt]+C00005_[cyt]+C00080_[cyt],-1000,1000,0,0,-0.0119896214
R334,C05747_[cyt]+C00006_[cyt]<==>C05746_[cyt]+C00005_[cyt]+C00080_[cyt],-1000,1000,0,-0.0118219129,0
R335,C05747_[cyt]+C00006_[cyt]<==>C05746_[cyt]+C00005_[cyt]+C00080_[cyt],-1000,1000,0,0,0
R336,C04620_[cyt]+C00006_[cyt]<==>C05750_[cyt]+C00005_[cyt]+C00080_[cyt],-1000,1000,0,0,0
R337,C04620_[cyt]+C00006_[cyt]<==>C05750_[cyt]+C00005_[cyt]+C00080_[cyt],-1000,1000,0,-0.0118219129,-0.0119896214
R338,C04620_[cyt]+C00006_[cyt]<==>C05750_[cyt]+C00005_[cyt]+C00080_[cyt],-1000,1000,0,0,0
R339,C04619_[cyt]+C00006_[cyt]<==>C05753_[cyt]+C00005_[cyt]+C00080_[cyt],-1000,1000,0,0,0
R340,C04619_[cyt]+C00006_[cyt]<==>C05753_[cyt]+C00005_[cyt]+C00080_[cyt],-1000,1000,0,-0.0118219129,-0.0119896214
R341,C04619_[cyt]+C00006_[cyt]<==>C05753_[cyt]+C00005_[cyt]+C00080_[cyt],-1000,1000,0,0,0
R342,C05757_[cyt]+C00006_[cyt]<==>C05756_[cyt]+C00005_[cyt]+C00080_[cyt],-1000,1000,0,-0.0118219129,-0.0119896214
R343,C05757_[cyt]+C00006_[cyt]<==>C05756_[cyt]+C00005_[cyt]+C00080_[cyt],-1000,1000,0,0,0
R344,C05757_[cyt]+C00006_[cyt]<==>C05756_[cyt]+C00005_[cyt]+C00080_[cyt],-1000,1000,0,0,0
R345,C04688_[cyt]+C00006_[cyt]<==>C05759_[cyt]+C00005_[cyt]+C00080_[cyt],-1000,1000,0,0,0
R346,C04688_[cyt]+C00006_[cyt]<==>C05759_[cyt]+C00005_[cyt]+C00080_[cyt],-1000,1000,0,0,-0.0119896214
R347,C04688_[cyt]+C00006_[cyt]<==>C05759_[cyt]+C00005_[cyt]+C00080_[cyt],-1000,1000,0,-0.0118219129,0
R348,C04633_[cyt]+C00006_[cyt]<==>C05762_[cyt]+C00005_[cyt]+C00080_[cyt],-1000,1000,0,0,-0.0090783927
R349,C04633_[cyt]+C00006_[cyt]<==>C05762_[cyt]+C00005_[cyt]+C00080_[cyt],-1000,1000,0,-0.0089514059,0
R350,C04633_[cyt]+C00006_[cyt]<==>C05762_[cyt]+C00005_[cyt]+C00080_[cyt],-1000,1000,0,0,0
R351,C16219_[cyt]+C00005_[cyt]+C00080_[cyt]<==>C16220_[cyt]+C00006_[cyt],-1000,1000,0,0,0
R352,C16219_[cyt]+C00005_[cyt]+C00080_[cyt]<==>C16220_[cyt]+C00006_[cyt],-1000,1000,0,0,0.0039333091
R353,C16219_[cyt]+C00005_[cyt]+C00080_[cyt]<==>C16220_[cyt]+C00006_[cyt],-1000,1000,0,0.0038782907,0
R354,C04618_[cyt]<==>C04246_[cyt]+C00001_[cyt],-1000,1000,0,0.0118219129,0.0119896214
R355,C05747_[cyt]<==>C05748_[cyt]+C00001_[cyt],-1000,1000,0,0.0118219129,0.0119896214
R356,C04620_[cyt]<==>C05751_[cyt]+C00001_[cyt],-1000,1000,0,0.0118219129,0.0119896214
R357,C04619_[cyt]<==>C05754_[cyt]+C00001_[cyt],-1000,1000,0,0.0118219129,0.0119896214
R358,C05757_[cyt]<==>C05758_[cyt]+C00001_[cyt],-1000,1000,0,0.0118219129,0.0119896214
R359,C04688_[cyt]<==>C05760_[cyt]+C00001_[cyt],-1000,1000,0,0.0089514059,0.0090783927
R360,C04633_[cyt]<==>C05763_[cyt]+C00001_[cyt],-1000,1000,0,0.0089514059,0.0090783927
R361,C16220_[cyt]<==>C16221_[cyt]+C00001_[cyt],-1000,1000,0,0.0038782907,0.0039333091
R362,C05745_[cyt]+C00006_[cyt]<==>C04246_[cyt]+C00005_[cyt]+C00080_[cyt],-1000,1000,0,-0.0118219129,-0.0119896214
R363,C05749_[cyt]+C00006_[cyt]<==>C05748_[cyt]+C00005_[cyt]+C00080_[cyt],-1000,1000,0,-0.0118219129,-0.0119896214
R364,C05752_[cyt]+C00006_[cyt]<==>C05751_[cyt]+C00005_[cyt]+C00080_[cyt],-1000,1000,0,-0.0118219129,-0.0119896214
R365,C05755_[cyt]+C00006_[cyt]<==>C05754_[cyt]+C00005_[cyt]+C00080_[cyt],-1000,1000,0,-0.0118219129,-0.0119896214
R366,C05223_[cyt]+C00006_[cyt]<==>C05758_[cyt]+C00005_[cyt]+C00080_[cyt],-1000,1000,0,-0.0118219129,-0.0119896214
R367,C05761_[cyt]+C00006_[cyt]<==>C05760_[cyt]+C00005_[cyt]+C00080_[cyt],-1000,1000,0,-0.0089514059,-0.0090783927
R368,C05764_[cyt]+C00006_[cyt]<==>C05763_[cyt]+C00005_[cyt]+C00080_[cyt],-1000,1000,0,-0.0089514059,-0.0090783927
R369,C16221_[cyt]+C00005_[cyt]+C00080_[cyt]<==>C04088_[cyt]+C00006_[cyt],-1000,1000,0,0.0038782907,0.0039333091
R370,C05764_[cyt]+C00005_[cyt]+C00080_[cyt]+C00007_[cyt]<==>C16520_[cyt]+C00006_[cyt]+2*C00001_[cyt],-1000,1000,0,0.0003524582,0.0003574582
R371,C04088_[cyt]+C00005_[cyt]+C00080_[cyt]+C00007_[cyt]<==>C01203_[cyt]+C00006_[cyt]+2*C00001_[cyt],-1000,1000,0,0.0038082541,0.0038622789
R372,C01203_[cyt]+C00005_[cyt]+C00080_[cyt]+C00007_[cyt]<==>C16160_[cyt]+C00006_[cyt]+2*C00001_[cyt],-1000,1000,0,0.0032658731,0.0033122035
R373,C16160_[cyt]+C00005_[cyt]+C00080_[cyt]+C00007_[cyt]<==>E17_[cyt]+C00006_[cyt]+2*C00001_[cyt],-1000,1000,0,0.0015687019,0.0015909559
R374,C16160_[cyt]+C00005_[cyt]+C00080_[cyt]+C00007_[cyt]<==>C16161_[cyt]+C00006_[cyt]+2*C00001_[cyt],-1000,1000,0,0.0000873,8.85E-05
R375,C16161_[cyt]+C00005_[cyt]+C00080_[cyt]+C00007_[cyt]<==>E36_[cyt]+C00006_[cyt]+2*C00001_[cyt],-1000,1000,0,0.000060194,6.10E-05
R376,C04688_[cyt]+C00043_[cyt]-->C00229_[cyt]+C04738_[cyt],0,1000,0,0.0014352535,0.0014556144
R377,C04738_[cyt]+C00001_[cyt]-->C06022_[cyt]+C00033_[cyt],0,1000,0,0.0014352535,0.0014556144
R378,C06022_[cyt]+C04688_[cyt]-->C04652_[cyt]+C00229_[cyt],0,1000,0,0.0014352535,0.0014556144
R379,C04652_[cyt]+C04824_[cyt]-->C00015_[cyt]+C04932_[cyt],0,1000,0,0.0007176268,0.0007278072
R380,C04652_[cyt]+C00001_[cyt]-->C00105_[cyt]+C04824_[cyt],0,1000,0,0.0007176268,0.0007278072
R381,C00049_[cyt]+C00007_[cyt]-->C05840_[cyt]+C00027_[cyt],0,1000,0,6.59928523581182E-005,6.69E-05
R382,C05840_[cyt]+C00111_[cyt]-->C03722_[cyt]+2*C00001_[cyt]+C00009_[cyt],0,1000,0,6.59928523581182E-005,6.69E-05
R383,C03722_[cyt]+C00119_[cyt]+C00080_[cyt]-->C01185_[cyt]+C00013_[cyt]+C00011_[cyt],0,1000,0,6.59928523581182E-005,6.69E-05
R384,C00002_[cyt]+C01185_[cyt]<==>C00013_[cyt]+C00857_[cyt],-1000,1000,0,0,0
R385,C00002_[cyt]+C01185_[cyt]<==>C00013_[cyt]+C00857_[cyt],-1000,1000,0,6.59928523581182E-005,6.69E-05
R386,C00002_[cyt]+C00857_[cyt]+C00064_[cyt]+C00001_[cyt]-->C00020_[cyt]+C00013_[cyt]+C00003_[cyt]+C00025_[cyt],0,1000,0,6.59928523581182E-005,6.69E-05
R387,C00002_[cyt]+C00003_[cyt]-->C00008_[cyt]+C00006_[cyt],0,1000,0,0,1.34E-05
R388,C00002_[cyt]+C00003_[cyt]-->C00008_[cyt]+C00006_[cyt],0,1000,0,1.31985704717124E-005,0
R389,C01185_[cyt]+C00013_[cyt]<==>C00253_[cyt]+C00119_[cyt]+C00080_[cyt],-1000,1000,0,-6.59928523580506E-006,-6.69E-06
R390,C00049_[cyt]-->C00099_[cyt]+C00011_[cyt],0,1000,0,0,1.67E-05
R391,C00049_[cyt]-->C00099_[cyt]+C00011_[cyt],0,1000,0,1.64982130895106E-005,0
R392,C00143_[cyt]+C00141_[cyt]+C00001_[cyt]-->C00101_[cyt]+C00966_[cyt],0,1000,0,1.64982130895106E-005,1.67E-05
R393,C00522_[cyt]+C00006_[cyt]<==>C00966_[cyt]+C00005_[cyt]+C00080_[cyt],-1000,1000,0,-1.64982130895106E-005,-1.67E-05
R394,C00002_[cyt]+C00522_[cyt]+C00099_[cyt]-->C00020_[cyt]+C00013_[cyt]+C00864_[cyt],0,1000,0,1.64982130895106E-005,1.67E-05
R395,C00002_[cyt]+C00864_[cyt]-->C00008_[cyt]+C03492_[cyt],0,1000,0,1.64982130895106E-005,1.67E-05
R396,C04352_[cyt]-->C01134_[cyt]+C00011_[cyt],0,1000,0,1.64982130895106E-005,1.67E-05
R397,C00002_[cyt]+C03492_[cyt]+C00097_[cyt]-->C00020_[cyt]+C00013_[cyt]+C04352_[cyt],0,1000,0,0,1.67E-05
R398,C00063_[cyt]+C03492_[cyt]+C00097_[cyt]-->C00055_[cyt]+C00013_[cyt]+C04352_[cyt],0,1000,0,1.64982130895106E-005,0
R399,C00002_[cyt]+C01134_[cyt]-->C00013_[cyt]+C00882_[cyt],0,1000,0,1.64982130895106E-005,1.67E-05
R400,C00002_[cyt]+C00882_[cyt]-->C00008_[cyt]+C00010_[cyt],0,1000,0,1.64982130895106E-005,1.67E-05
R401,C00064_[cyt]+C00085_[cyt]<==>C00025_[cyt]+C00352_[cyt],-1000,1000,0,0.002870507,0.0029112287
R402,C06156_[cyt]<==>C00352_[cyt],-1000,1000,0,-0.002870507,-0.0029112287
R403,C00024_[cyt]+C06156_[cyt]-->C00010_[cyt]+C04501_[cyt],0,1000,0,0.002870507,0.0029112287
R404,C00075_[cyt]+C04501_[cyt]-->C00013_[cyt]+C00043_[cyt],0,1000,0,0.002870507,0.0029112287
R405,C00074_[cyt]+C00043_[cyt]-->C04631_[cyt]+C00009_[cyt],0,1000,0,0.0007176268,0.0007278072
R406,C01050_[cyt]+C00006_[cyt]<==>C04631_[cyt]+C00005_[cyt]+C00080_[cyt],-1000,1000,0,-0.0007176268,-0.0007278072
R407,C00002_[cyt]+C01050_[cyt]+C00041_[cyt]-->C00008_[cyt]+C00009_[cyt]+C01212_[cyt],0,1000,0,0.0007176268,0.0007278072
R408,C00002_[cyt]+C01212_[cyt]+C00217_[cyt]-->C00008_[cyt]+C00009_[cyt]+C00692_[cyt],0,1000,0,0.0007176268,0.0007278072
R409,C00002_[cyt]+C00692_[cyt]+C00680_[cyt]-->C00008_[cyt]+C00009_[cyt]+C04877_[cyt],0,1000,0,0.0007176268,0.0007278072
R410,C00025_[cyt]<==>C00217_[cyt],-1000,1000,0,0.0007176268,0.0007278072
R411,C00041_[cyt]<==>C00133_[cyt],-1000,1000,0,0.0007176268,0.0007278072
R412,C00002_[cyt]+2*C00133_[cyt]-->C00008_[cyt]+C00009_[cyt]+C00993_[cyt],0,1000,0,0.0007176268,0.0007278072
R413,C00002_[cyt]+C04877_[cyt]+C00993_[cyt]-->C00008_[cyt]+C00009_[cyt]+C04882_[cyt],0,1000,0,0.0007176268,0.0007278072
R414,C04882_[cyt]+C17556_[cyt]-->C00105_[cyt]+C05897_[cyt],0,1000,0,0.0007176268,0.0007278072
R415,C05897_[cyt]+C00043_[cyt]-->C05898_[cyt]+C00015_[cyt],0,1000,0,0.0007176268,0.0007278072
R416,C05898_[cyt]+C00001_[cyt]-->C04574_[cyt]+E11_[cyt]+C00133_[cyt],0,1000,0,0,0
R417,C05898_[cyt]+C00001_[cyt]-->C04574_[cyt]+E11_[cyt]+C00133_[cyt],0,1000,0,0.0007176268,0.0007278072
R418,C04574_[cyt]+C00001_[cyt]-->C17556_[cyt]+C00009_[cyt],0,1000,0,0.0007176268,0.0007278072
R419,C00111_[cyt]+C00279_[cyt]-->C00447_[cyt],0,1000,0,0,0.4767035519
R420,C00111_[cyt]+C00279_[cyt]-->C00447_[cyt],0,1000,0,0.4700355147,0
R421,C00447_[cyt]+C00001_[cyt]-->C05382_[cyt]+C00009_[cyt],0,1000,0,0.4700355147,0.4767035519
R422,C00092_[cyt]+C00006_[cyt]-->C01236_[cyt]+C00005_[cyt]+C00080_[cyt],0,1000,0,0,0
R423,C01236_[cyt]+C00001_[cyt]-->C00345_[cyt],0,1000,0,0,0
R424,C00345_[cyt]+C00006_[cyt]-->C00199_[cyt]+C00011_[cyt]+C00005_[cyt]+C00080_[cyt],0,1000,0,0,0
R425,C00117_[cyt]<==>C00199_[cyt],-1000,1000,0,0,0
R426,C00117_[cyt]<==>C00199_[cyt],-1000,1000,0,0.4471832282,0.4535270773
R427,C05382_[cyt]+C00118_[cyt]<==>C00117_[cyt]+C00231_[cyt],-1000,1000,0,0.4700355147,0.4767035519
R428,C00085_[cyt]+C00118_[cyt]<==>C00279_[cyt]+C00231_[cyt],-1000,1000,0,0.4812340808,0.3387646281
R429,C00199_[cyt]<==>C00231_[cyt],-1000,1000,0,-0.8040615687,-0.81546818
R430,C05382_[cyt]+C00118_[cyt]<==>C00279_[cyt]+C00085_[cyt],-1000,1000,0,0,0
R431,C01182_[cax]+0.97*C00011_[cax]+0.97*C00001_[cax]+0.03*C00007_[cax]-->1.97*C00197_[cax]+0.03*C00988_[cax],0,1000,0,1.2512052011,1.2689550998
R432,C00002_[cyt]+C00199_[cyt]-->C00008_[cyt]+C01182_[cyt],0,1000,0,1.2512052011,1.2689550998
R433,C00002_[cyt]+C00117_[cyt]<==>C00020_[cyt]+C00119_[cyt],-1000,1000,0,0.0228522865,0.0231764746
R434,C00111_[cyt]-->C00546_[cyt]+C00009_[cyt],0,1000,0,0,0
R435,C03451_[cyt]<==>C00051_[cyt]+C00546_[cyt],-1000,1000,0,0,0
R436,C03451_[cyt]+C00001_[cyt]-->C00051_[cyt]+C00256_[cyt],0,1000,0,0,0
R437,C00085_[cyt]+C00009_[cyt]-->C00227_[cyt]+C00279_[cyt]+C00001_[cyt],0,1000,0,0,0.1492963554
R438,C00085_[cyt]+C00009_[cyt]-->C00227_[cyt]+C00279_[cyt]+C00001_[cyt],0,1000,0,0,0
R439,C00231_[cyt]+C00009_[cyt]-->C00227_[cyt]+C00118_[cyt]+C00001_[cyt],0,1000,0,0,0
R440,C00231_[cyt]+C00009_[cyt]-->C00227_[cyt]+C00118_[cyt]+C00001_[cyt],0,1000,0,0.1472080268,0
R441,C00002_[cyt]+C05382_[cyt]-->C00008_[cyt]+C00447_[cyt],0,1000,0,0,0
R442,C00002_[cyt]+C05382_[cyt]-->C00008_[cyt]+C00447_[cyt],0,1000,0,0,0
R443,E1_[ext]-->E1_[tlm],18.7,18.7,0,18.7,18.7
R444,E1_[tlm]-->E1_P680_[tlm],0,1000,0,10.3942549881,9.3441549542
R445,E1_[tlm]-->E1_P700_[tlm],0,1000,0,8.3057450119,9.3558450458
R446,C00005_[cyt]+5*C00080_[cyt]+C10385_[tlm]-->C00006_[cyt]+C16695_[tlm]+4*C00080_[tll],0,1000,0,0,0.2622484064
R447,C00005_[cyt]+5*C00080_[cyt]+C10385_[cym]-->C00006_[cyt]+C16695_[cym]+4*C00080_[pps],0,1000,0,0,0
R448,C00005_[cyt]+4*C00080_[cyt]+C10385_[tlm]+C00001_[cyt]+C00011_[tll]-->C00006_[cyt]+C16695_[tlm]+4*C00080_[tll]+C00288_[cyt],0,1000,0,0,0.2106403015
R449,C00005_[cyt]+4*C00080_[cyt]+C10385_[cym]+C00001_[cyt]+C00011_[pps]-->C00006_[cyt]+C16695_[cym]+4*C00080_[pps]+C00288_[cyt],0,1000,0,0,0
R450,C00004_[cyt]+C10385_[tlm]+C00080_[cyt]-->C00003_[cyt]+C16695_[tlm],0,1000,0,0,0
R451,C00004_[cyt]+C10385_[tlm]+C00080_[cyt]-->C00003_[cyt]+C16695_[tlm],0,1000,0,0,0
R452,C00004_[cyt]+C10385_[tlm]+C00080_[cyt]-->C00003_[cyt]+C16695_[tlm],0,1000,0,0,0
R453,C00004_[cyt]+C10385_[cym]+C00080_[cyt]-->C00003_[cyt]+C16695_[cym],0,1000,0,0,0
R454,C00004_[cyt]+C10385_[cym]+C00080_[cyt]-->C00003_[cyt]+C16695_[cym],0,1000,0,0,0
R455,C00004_[cyt]+C10385_[cym]+C00080_[cyt]-->C00003_[cyt]+C16695_[cym],0,1000,0,0,0
R456,4*C03025_[tll]+C00007_[cyt]+8*C00080_[cyt]-->4*C03162_[tll]+4*C00080_[tll]+2*C00001_[cyt],0,1000,0,0.2885412749,0
R457,4*C03025_[tll]+C00007_[cyt]+8*C00080_[cyt]-->4*C03162_[tll]+4*C00080_[tll]+2*C00001_[cyt],0.2263,0.2263,0,0.2263,0.2263
R458,4*C03025_[pps]+C00007_[cyt]+8*C00080_[cyt]-->4*C03162_[pps]+4*C00080_[pps]+2*C00001_[cyt],0,1000,0,0,0
R459,4*C03025_[pps]+C00007_[cyt]+8*C00080_[cyt]-->4*C03162_[pps]+4*C00080_[pps]+2*C00001_[cyt],0,1000,0,0,0
R460,2*C16695_[tlm]+C00007_[cyt]+4*C00080_[cyt]-->2*C10385_[tlm]+4*C00080_[tll]+2*C00001_[cyt],0,1000,0,-1.05932481500561E-010,0
R461,2*C16695_[cym]+C00007_[cyt]+4*C00080_[cyt]-->2*C10385_[cym]+4*C00080_[pps]+2*C00001_[cyt],0,1000,0,0,0
R462,C16695_[tlm]+2*C03162_[tll]-->C10385_[tlm]+2*C00080_[tll]+2*C03025_[tll],0,1000,0,0,0
R463,C16695_[cym]+2*C03162_[pps]-->C10385_[cym]+2*C00080_[pps]+2*C03025_[pps],0,1000,0,0,0
R464,C16695_[tlm]+1*ORieske_B6_[tlm]-->PQH_B6_L_[tlm]+1*RRieske_B6_[tlm]+1*C00080_[tll],0,1000,0,10.3651101115,10.2610450458
R465,1*RRieske_B6_[tlm]+1*C03162_[tll]-->1*C03025_[tll]+1*ORieske_B6_[tlm],0,1000,0,10.3651101115,10.2610450458
R466,PQH_B6_L_[tlm]+1*HB3p_B6_[tlm]-->1*C10385_B6_S_[tlm]+1*C00080_[tll]+1*HB2p_B6_[tlm],0,1000,0,10.3651101115,10.2610450458
R467,1*C10385_B6_S_[tlm]-->1*C10385_[tlm],0,1000,0,5.1825550558,5.1305225229
R468,1*C10385_B6_S_[tlm]+1*HB2p_B6_[tlm]+1*C00080_[cyt]-->1*PQH_B6_S_[tlm]+1*HB3p_B6_[tlm],0,1000,0,5.1825550558,5.1305225229
R469,1*PQH_B6_S_[tlm]+1*HB2p_B6_[tlm]+1*C00080_[cyt]-->C16695_[tlm]+1*HB3p_B6_[tlm],0,1000,0,5.1825550558,5.1305225229
R470,C16695_[cym]+1*ORieske_B6_[cym]-->PQH_B6_L_[cym]+1*RRieske_B6_[cym]+1*C00080_[pps],0,1000,0,0,0
R471,1*RRieske_B6_[cym]+1*C03162_[pps]-->1*C03025_[pps]+1*ORieske_B6_[cym],0,1000,0,0,0
R472,PQH_B6_L_[cym]+1*HB3p_B6_[cym]-->1*C10385_B6_S_[cym]+1*C00080_[pps]+1*HB2p_B6_[cym],0,1000,0,0,0
R473,1*C10385_B6_S_[cym]-->1*C10385_[cym],0,1000,0,0,0
R474,1*C10385_B6_S_[cym]+1*HB2p_B6_[cym]+1*C00080_[cyt]-->1*PQH_B6_S_[cym]+1*HB3p_B6_[cym],0,1000,0,0,0
R475,1*PQH_B6_S_[cym]+1*HB2p_B6_[cym]+1*C00080_[cyt]-->C16695_[cym]+1*HB3p_B6_[cym],0,1000,0,0,0
R476,E1_P700_[tlm]+C00139_[cyt]+P700_[tlm]-->C00138_[cyt]+P700p_[tlm],0,1000,0,8.2580450119,9.3081450458
R477,P700p_[tlm]+C03025_[tll]-->C03162_[tll]+P700_[tlm],0,1000,0,8.3057450119,9.3558450458
R478,2*C00138_[cyt]+C00006_[cyt]+C00080_[cyt]<==>2*C00139_[cyt]+C00005_[cyt],-1000,1000,0,3.0831386738,3.5933515305
R479,2*C00138_[cyt]+C00343_[cyt]+2*C00080_[cyt]<==>2*C00139_[cyt]+C00342_[cyt],-1000,1000,0,0.0078403633,0.0079515886
R480,E1_P700_[tlm]+1*P700_[tlm]+1*C00007_[cyt]-->1*P700p_[tlm]+1*C00704_[cyt],0.0477,1000,0,0.0477,0.0477
R481,2*C00005_[cyt]+2*C00080_[cyt]+C00007_[cyt]-->2*C00006_[cyt]+2*C00001_[cyt],0.2263,0.2263,0,0.2263,0.2263
R482,1*C00007_[cyt]+1*QAn_P680_[tlm]-->1*C00704_[cyt]+1*QA_P680_[tlm],0.0473,1000,0,0.0473,0.0473
R483,C00005_[cyt]+5*C00080_[cyt]+C10385_[tlm]-->C00006_[cyt]+C16695_[tlm]+4*C00080_[tll],0,1000,0,0,0
R484,1*E1_P680_[tlm]+1*P680_[tlm]+1*QA_P680_[tlm]-->1*P680p_[tlm]+1*QAn_P680_[tlm],0,1000,0,10.3942549881,9.3441549542
R485,1*C10385_[tlm]+1*QAn_P680_[tlm]+C00080_[cyt]-->1*PQn_P680_[tlm]+1*QA_P680_[tlm],0,1000,0,5.1734774941,4.6484274771
R486,1*PQn_P680_[tlm]+1*QAn_P680_[tlm]+C00080_[cyt]-->1*C16695_[tlm]+1*QA_P680_[tlm],0,1000,0,5.1734774941,4.6484274771
R487,1*P680p_[tlm]+1*S0_P680_[tlm]-->1*P680_[tlm]+1*S1_P680_[tlm],0,1000,0,2.598563747,2.3360387385
R488,P680p_[tlm]+1*S1_P680_[tlm]-->1*P680_[tlm]+1*S2_P680_[tlm],0,1000,0,2.598563747,2.3360387385
R489,1*P680p_[tlm]+1*S2_P680_[tlm]-->1*P680_[tlm]+1*S3_P680_[tlm],0,1000,0,2.598563747,2.3360387385
R490,1*P680p_[tlm]+1*S3_P680_[tlm]-->1*P680_[tlm]+1*S4_P680_[tlm],0,1000,0,2.598563747,2.3360387385
R491,1*S4_P680_[tlm]+2*C00001_[tll]-->1*S0_P680_[tlm]+C00007_[tll]+4*C00080_[tll],0,1000,0,2.598563747,2.3360387385
R492,14*C00080_[tll]+3*C00008_[cyt]+3*C00009_[cyt]-->3*C00002_[cyt]+3*C00001_[cyt]+14*C00080_[cyt],0,1000,0,2.3702743079,2.3330714198
R493,14*C00080_[pps]+3*C00008_[cyt]+3*C00009_[cyt]-->3*C00002_[cyt]+3*C00001_[cyt]+14*C00080_[cyt],0,1000,0,0,0
R494,C00008_[cyt]+C00074_[cyt]-->C00002_[cyt]+C00022_[cyt],0,1000,0,0,0
R495,C00008_[cyt]+C00074_[cyt]-->C00002_[cyt]+C00022_[cyt],0,1000,0,0.0772551584,0.0783511187
R496,C00022_[cyt]+C00010_[cyt]+C00003_[cyt]-->C00024_[cyt]+C00011_[cyt]+C00004_[cyt]+C00080_[cyt],0,1000,0,0,0
R497,C00022_[cyt]+C00010_[cyt]+C00003_[cyt]-->C00024_[cyt]+C00011_[cyt]+C00004_[cyt]+C00080_[cyt],0,1000,0,0,0
R498,C00022_[cyt]+C00010_[cyt]+C00003_[cyt]-->C00024_[cyt]+C00011_[cyt]+C00004_[cyt]+C00080_[cyt],0,1000,0,0,0
R499,C00002_[cyt]+C00033_[cyt]+C00010_[cyt]-->C00020_[cyt]+C00013_[cyt]+C00024_[cyt],0,1000,0,0.152751762,0.1549187354
R500,C00033_[cyt]+C00004_[cyt]+C00080_[cyt]-->C00084_[cyt]+C00003_[cyt]+C00001_[cyt],0,1000,0,0,0
R501,C00084_[cyt]+C00004_[cyt]+C00080_[cyt]-->C00469_[cyt]+C00003_[cyt],0,1000,0,0,0
R502,C00084_[cyt]+C00005_[cyt]+C00080_[cyt]-->C00469_[cyt]+C00006_[cyt],0,1000,0,0,0
R503,C00074_[cyt]+C00288_[cyt]+C00080_[cyt]-->C00009_[cyt]+C00036_[cyt],0,1000,0,0.0807011686,0.0818460149
R504,C00149_[cyt]+C00003_[cyt]<==>C00036_[cyt]+C00004_[cyt]+C00080_[cyt],-1000,1000,0,0.0235740009,0.0239084273
R505,C00049_[cyt]+C00026_[cyt]<==>C00036_[cyt]+C00025_[cyt],-1000,1000,0,-0.0690157119,-0.0699947854
R506,C00002_[cyt]+C00022_[cyt]+C00001_[cyt]-->C00020_[cyt]+C00074_[cyt]+C00009_[cyt],0,1000,0,0,0
R507,C00041_[cyt]+C00003_[cyt]+C00001_[cyt]<==>C00022_[cyt]+C00014_[cyt]+C00004_[cyt]+C00080_[cyt],-1000,1000,0,-0.0125410541,-0.0127189645
R508,C00158_[cyt]<==>C00417_[cyt]+C00001_[cyt],-1000,1000,0,0.0352594576,0.0357596568
R509,C00311_[cyt]<==>C00417_[cyt]+C00001_[cyt],-1000,1000,0,-0.0352594576,-0.0357596568
R510,C00311_[cyt]+C00006_[cyt]-->C00026_[cyt]+C00011_[cyt]+C00005_[cyt]+C00080_[cyt],0,1000,0,0.0352594576,0.0357596568
R511,C00002_[cyt]+C00042_[cyt]+C00010_[cyt]<==>C00008_[cyt]+C00009_[cyt]+C00091_[cyt],-1000,1000,0,2.4747319634269E-006,2.51E-06
R512,C00149_[cyt]<==>C00122_[cyt]+C00001_[cyt],-1000,1000,0,-0.0235740009,-0.0239084273
R513,C00042_[cyt]+C10385_[tlm]-->C16695_[tlm]+C00122_[cyt],0,1000,0,0.0090775615,0.0092063379
R514,C00042_[cyt]+C10385_[cym]-->C16695_[cym]+C00122_[cyt],0,1000,0,2.06970844311527E-027,0
R515,C00024_[cyt]+C00001_[cyt]+C00036_[cyt]-->C00158_[cyt]+C00010_[cyt],0,1000,0,0.0352594576,0.0357596568
R516,C00256_[cyt]+C00003_[cyt]<==>C00022_[cyt]+C00004_[cyt]+C00080_[cyt],-1000,1000,0,0,0
R517,C00149_[cyt]+C00006_[cyt]-->C00022_[cyt]+C00011_[cyt]+C00005_[cyt]+C00080_[cyt],0,1000,0,0,0
R518,C00024_[cyt]+C00009_[cyt]-->C00010_[cyt]+C00227_[cyt],0,1000,0,0,0
R519,C00002_[cyt]+C00033_[cyt]<==>C00008_[cyt]+C00227_[cyt],-1000,1000,0,-0.1472080268,-0.1492963554
R520,C00988_[cyt]+C00001_[cyt]-->C00160_[cyt]+C00009_[cyt],0,1000,0,0,0.038068653
R521,C00988_[cyt]+C00001_[cyt]-->C00160_[cyt]+C00009_[cyt],0,1000,0,0,0
R522,C00988_[cyt]+C00001_[cyt]-->C00160_[cyt]+C00009_[cyt],0,1000,0,0.037536156,0
R523,2*C00139_[cyt]+C00022_[cyt]+C00010_[cyt]-->2*C00138_[cyt]+C00024_[cyt]+C00011_[cyt]+2*C00080_[cyt],0,1000,0,0,0
R524,C00209_[cyt]-->C00058_[cyt]+C00011_[cyt],0,1000,0,0,0
R525,C00058_[cyt]+2*C00995_[cyt]-->C00011_[cyt]+2*C00998_[cyt]+2*C00080_[cyt],0,1000,0,0,0
R526,C00049_[cyt]+C00001_[cyt]+C00007_[cyt]-->C00036_[cyt]+C00014_[cyt]+C00027_[cyt],0,1000,0,0,0
R527,C00025_[cyt]-->C00334_[cyt]+C00011_[cyt],0,1000,0,0,0
R528,C00026_[cyt]-->C00232_[cyt]+C00011_[cyt],0,1000,0,0,0
R529,C00232_[cyt]+C00006_[cyt]+C00001_[cyt]-->C00042_[cyt]+C00005_[cyt]+C00080_[cyt],0,1000,0,0,0
R530,C00334_[cyt]+C00026_[cyt]<==>C00232_[cyt]+C00025_[cyt],-1000,1000,0,0,0
R531,C00160_[cyt]+C00003_[cyt]-->C00048_[cyt]+C00004_[cyt]+C00080_[cyt],0,1000,0,0,0
R532,C00160_[cyt]+C00003_[cyt]-->C00048_[cyt]+C00004_[cyt]+C00080_[cyt],0,1000,0,0.0375625532,0.0380954246
R533,C00064_[cyt]+C00119_[cyt]+C00001_[cyt]-->C03090_[cyt]+C00013_[cyt]+C00025_[cyt],0,1000,0,0.0090260842,0.0091541304
R534,C00002_[cyt]+C03090_[cyt]+C00037_[cyt]-->C00008_[cyt]+C00009_[cyt]+C03838_[cyt],0,1000,0,0.0090260842,0.0091541304
R535,C00234_[cyt]+C03838_[cyt]-->C00101_[cyt]+C04376_[cyt],0,1000,0,0.0089336942,0
R536,C03838_[cyt]+C00445_[cyt]+C00001_[cyt]-->C04376_[cyt]+C00101_[cyt]+C00080_[cyt],0,1000,0,0,0.0090604297
R537,C00002_[cyt]+C04376_[cyt]+C00064_[cyt]+C00001_[cyt]-->C00008_[cyt]+C00009_[cyt]+C04640_[cyt]+C00025_[cyt],0,1000,0,0.0090260842,0.0091541304
R538,C00002_[cyt]+C04640_[cyt]-->C00008_[cyt]+C00009_[cyt]+C03373_[cyt],0,1000,0,0.0090260842,0.0091541304
R539,C00002_[cyt]+C03373_[cyt]+C00288_[cyt]+C00080_[cyt]-->C00008_[cyt]+C00009_[cyt]+C15667_[cyt],0,1000,0,0.0090194849,0.0091474375
R540,C15667_[cyt]<==>C04751_[cyt],-1000,1000,0,0.0090194849,0.0091474375
R541,C00002_[cyt]+C04751_[cyt]+C00049_[cyt]<==>C00008_[cyt]+C00009_[cyt]+C04823_[cyt],-1000,1000,0,0.0090194849,0.0091474375
R542,C04823_[cyt]<==>C00122_[cyt]+C04677_[cyt],-1000,1000,0,0.0090194849,0.0091474375
R543,C00234_[cyt]+C04677_[cyt]-->C00101_[cyt]+C04734_[cyt],0,1000,0,0.0114566692,0.0116191963
R544,C00130_[cyt]+C00001_[cyt]<==>C04734_[cyt],-1000,1000,0,-0.0114566692,-0.0116191963
R545,C00044_[cyt]+C00130_[cyt]+C00049_[cyt]-->C00035_[cyt]+C00009_[cyt]+C03794_[cyt],0,1000,0,0.0068179065,0.0069146269
R546,C03794_[cyt]-->C00122_[cyt]+C00020_[cyt],0,1000,0,0.0068179065,0.0069146269
R547,C00342_[cyt]+C00008_[cyt]-->C00206_[cyt]+C00343_[cyt]+C00001_[cyt],0,1000,0,0.0007483845,0.0007590013
R548,C00360_[cyt]+C00001_[cyt]<==>C00559_[cyt]+C00009_[cyt],-1000,1000,0,0,0
R549,C00360_[cyt]+C00001_[cyt]<==>C00559_[cyt]+C00009_[cyt],-1000,1000,0,0,0
R550,C00035_[cyt]+C00342_[cyt]-->C00361_[cyt]+C00343_[cyt]+C00001_[cyt],0,1000,0,0.0006853358,0.0006950581
R551,C00020_[cyt]+C00013_[cyt]<==>C00147_[cyt]+C00119_[cyt],-1000,1000,0,-0.0002054028,-0.0002083166
R552,C00044_[cyt]+C00001_[cyt]-->C00144_[cyt]+C00013_[cyt],0,1000,0,0,0
R553,C00002_[cyt]+C00035_[cyt]<==>C00008_[cyt]+C00044_[cyt],-1000,1000,0,0.0109917268,0.0111476581
R554,C00002_[cyt]+C00206_[cyt]<==>C00008_[cyt]+C00131_[cyt],-1000,1000,0,0.0007483845,0.0007590013
R555,C00002_[cyt]+C00361_[cyt]<==>C00008_[cyt]+C00286_[cyt],-1000,1000,0,0.0006853358,0.0006950581
R556,C05198_[cyt]+C00001_[cyt]-->E19_[cyt]+C00147_[cyt],0,1000,0,1.31985704716106E-005,1.34E-05
R557,C00020_[cyt]+C00001_[cyt]<==>C00212_[cyt]+C00009_[cyt],-1000,1000,0,-0.0006885558,-0.0006983238
R558,C00020_[cyt]+C00001_[cyt]<==>C00212_[cyt]+C00009_[cyt],-1000,1000,0,0,0
R559,C00130_[cyt]+C00003_[cyt]+C00001_[cyt]-->C00655_[cyt]+C00004_[cyt]+C00080_[cyt],0,1000,0,0.0046387628,0.0047045694
R560,C00002_[cyt]+C00655_[cyt]+C00064_[cyt]+C00001_[cyt]<==>C00020_[cyt]+C00013_[cyt]+C00144_[cyt]+C00025_[cyt],-1000,1000,0,0.0046387628,0.0047045694
R561,C00002_[cyt]+C00144_[cyt]<==>C00008_[cyt]+C00035_[cyt],-1000,1000,0,0.004645362,0.0047112623
R562,C03838_[cyt]+C00058_[cyt]+C00002_[cyt]-->C04376_[cyt]+C00009_[cyt]+C00008_[cyt],0,1000,0,0.00009239,9.37E-05
R563,C00002_[cyt]+C00020_[cyt]<==>2*C00008_[cyt],-1000,1000,0,0,0.2139231488
R564,C00002_[cyt]+C00020_[cyt]<==>2*C00008_[cyt],-1000,1000,0,0.2109143349,0
R565,C00002_[cyt]+C00360_[cyt]<==>C00008_[cyt]+C00206_[cyt],-1000,1000,0,0,0
R566,C00002_[cyt]+C00360_[cyt]<==>C00008_[cyt]+C00206_[cyt],-1000,1000,0,0,0
R567,C00075_[cyt]+C00001_[cyt]-->C00105_[cyt]+C00013_[cyt],0,1000,0,0,0
R568,C00002_[cyt]+C00705_[cyt]<==>C00008_[cyt]+C00458_[cyt],-1000,1000,0,0.0006833076,0.0006930012
R569,C00002_[cyt]+C01346_[cyt]<==>C00008_[cyt]+C00460_[cyt],-1000,1000,0,0,0
R570,C00169_[cyt]+C00049_[cyt]<==>C00009_[cyt]+C00438_[cyt],-1000,1000,0,0.0090800362,0.0092088478
R571,C00337_[cyt]+C00001_[cyt]<==>C00438_[cyt],-1000,1000,0,-0.0090800362,0
R572,C00337_[cyt]+C00001_[cyt]<==>C00438_[cyt],-1000,1000,0,0,-0.0092088478
R573,C00337_[cyt]+C00122_[cyt]-->C00295_[cyt]+C00042_[cyt],0,1000,0,0,0.0092088478
R574,C00337_[cyt]+C00122_[cyt]-->C00295_[cyt]+C00042_[cyt],0,1000,0,0.0090800362,0
R575,C01103_[cyt]+C00013_[cyt]<==>C00295_[cyt]+C00119_[cyt],-1000,1000,0,-0.0090800362,-0.0092088478
R576,C01103_[cyt]-->C00105_[cyt]+C00011_[cyt],0,1000,0,0.0090800362,0.0092088478
R577,C00002_[cyt]+C00055_[cyt]<==>C00008_[cyt]+C00112_[cyt],-1000,1000,0,0.0052212748,0.0052786128
R578,C00002_[cyt]+C00105_[cyt]<==>C00008_[cyt]+C00015_[cyt],-1000,1000,0,0,0.0106644622
R579,C00002_[cyt]+C00105_[cyt]<==>C00008_[cyt]+C00015_[cyt],-1000,1000,0,0.0105152897,0
R580,C00002_[cyt]+C00015_[cyt]<==>C00008_[cyt]+C00075_[cyt],-1000,1000,0,0.0151761515,0.0153914441
R581,C00002_[cyt]+C00112_[cyt]<==>C00008_[cyt]+C00063_[cyt],-1000,1000,0,0.0045379672,0.0045856116
R582,C00002_[cyt]+C00075_[cyt]+C00014_[cyt]-->C00008_[cyt]+C00009_[cyt]+C00063_[cyt],0,1000,0,0.0044546569,0.0045178518
R583,C00002_[cyt]+C00075_[cyt]+C00064_[cyt]+C00001_[cyt]-->C00008_[cyt]+C00009_[cyt]+C00063_[cyt]+C00025_[cyt],0,1000,0,0,0
R584,C00458_[cyt]+C00001_[cyt]-->C00460_[cyt]+C00014_[cyt],0,1000,0,0,0
R585,C00063_[cyt]+C00001_[cyt]-->C00075_[cyt]+C00014_[cyt],0,1000,0,0,0
R586,C00002_[cyt]+C00364_[cyt]<==>C00008_[cyt]+C00363_[cyt],-1000,1000,0,0.0007510299,0.0007616842
R587,C00002_[cyt]+C00365_[cyt]<==>C00008_[cyt]+C01346_[cyt],-1000,1000,0,-0.0007510299,-0.0007616842
R588,C00143_[cyt]+C00365_[cyt]+C00080_[cyt]+C00005_[cyt]-->C00101_[cyt]+C00364_[cyt]+C00006_[cyt],0,1000,0,0.0007510299,0.0007616842
R589,C00044_[cyt]+C00001_[cyt]-->C00144_[cyt]+C00013_[cyt],0,1000,0,0,0
R590,C00342_[cyt]+C00112_[cyt]-->C00705_[cyt]+C00343_[cyt]+C00001_[cyt],0,1000,0,0.0006833076,0.0006930012
R591,C00342_[cyt]+C00015_[cyt]-->C01346_[cyt]+C00343_[cyt]+C00001_[cyt],0,1000,0,0.0007510299,0.0007616842
R592,C00002_[cyt]+C00363_[cyt]<==>C00008_[cyt]+C00459_[cyt],-1000,1000,0,0.0007510299,0.0007616842
R593,C05427_[cyt]+C00544_[cyt]-->C15882_[cyt]+C00013_[cyt]+C00011_[cyt],0,1000,0,1.4575317908735E-005,1.48E-05
R594,C15882_[cyt]<==>C14151_[cyt],-1000,1000,0,6.94062757558809E-006,7.04E-06
R595,C15883_[cyt]<==>C02483_[cyt],-1000,1000,0,7.63469033314689E-006,7.74E-06
R596,C00019_[cyt]+C02483_[cyt]-->C00021_[cyt]+C02477_[cyt],0,1000,0,6.94062757558809E-006,7.04E-06
R597,C14151_[cyt]+C00019_[cyt]-->C14152_[cyt]+C00021_[cyt],0,1000,0,6.94062757558809E-007,7.04E-07
R598,C00251_[cyt]-->C00156_[cyt]+C00022_[cyt],0,1000,0,0,0
R599,C04145_[cyt]+C00156_[cyt]-->C00013_[cyt]+C03885_[cyt],0,1000,0,0,0
R600,C03885_[cyt]+4*C00080_[cyt]-->C17570_[cyt]+C00001_[cyt],0,1000,0,0,0
R601,C17570_[cyt]+C00019_[cyt]-->C10385_[cyt]+C00021_[cyt]+2*C00080_[cyt],0,1000,0,0,0
R602,C15882_[cyt]+C00019_[cyt]-->C15883_[cyt]+C00021_[cyt],0,1000,0,7.63469033314689E-006,7.74E-06
R603,C00251_[cyt]<==>C00885_[cyt],-1000,1000,0,0,0
R604,C00251_[cyt]<==>C00885_[cyt],-1000,1000,0,4.65022047564402E-005,4.72E-05
R605,C00885_[cyt]+C00026_[cyt]-->C16519_[cyt]+C00011_[cyt],0,1000,0,4.65022047564402E-005,4.72E-05
R606,C16519_[cyt]-->C05817_[cyt]+C00022_[cyt],0,1000,0,4.65022047564402E-005,4.72E-05
R607,C05817_[cyt]-->C02730_[cyt]+C00001_[cyt],0,1000,0,4.65022047564402E-005,4.72E-05
R608,C00002_[cyt]+C02730_[cyt]+C00010_[cyt]-->C00020_[cyt]+C00013_[cyt]+C03160_[cyt],0,1000,0,4.65022047564402E-005,4.72E-05
R609,C03160_[cyt]-->C15547_[cyt]+C00001_[cyt],0,1000,0,4.65022047564402E-005,4.72E-05
R610,C15547_[cyt]+C00001_[cyt]-->C03657_[cyt]+C00010_[cyt],0,1000,0,4.65022047564402E-005,4.72E-05
R611,C03657_[cyt]+C05427_[cyt]-->C13309_[cyt]+C00011_[cyt]+C00013_[cyt]+2*C00080_[cyt],0,1000,0,4.65022047564402E-005,4.72E-05
R612,C13309_[cyt]+C00019_[cyt]-->C02059_[cyt]+C00021_[cyt],0,1000,0,4.65022047564402E-005,4.72E-05
R613,C01179_[cyt]+C00007_[cyt]-->C00544_[cyt]+C00011_[cyt],0,1000,0,1.4575317908735E-005,1.48E-05
R614,C00044_[cyt]+3*C00001_[cyt]-->C00058_[cyt]+C01304_[cyt]+C00013_[cyt],0,1000,0,1.97978557074152E-005,2.01E-05
R615,C01304_[cyt]+C00001_[cyt]-->C01268_[cyt]+C00014_[cyt],0,1000,0,1.97978557074152E-005,2.01E-05
R616,C04454_[cyt]+C00001_[cyt]<==>C04732_[cyt]+C00009_[cyt],-1000,1000,0,1.97978557074152E-005,2.01E-05
R617,C01268_[cyt]+C00005_[cyt]+C00080_[cyt]-->C04454_[cyt]+C00006_[cyt],0,1000,0,1.97978557074152E-005,2.01E-05
R618,C00199_[cyt]-->C15556_[cyt]+C00058_[cyt],0,1000,0,3.95957114148304E-005,4.02E-05
R619,C04732_[cyt]+C15556_[cyt]-->C04332_[cyt]+2*C00001_[cyt]+C00009_[cyt],0,1000,0,3.95957114148304E-005,4.02E-05
R620,2*C04332_[cyt]-->C00255_[cyt]+C04732_[cyt],0,1000,0,1.97978557074152E-005,2.01E-05
R621,C00002_[cyt]+C00255_[cyt]-->C00008_[cyt]+C00061_[cyt],0,1000,0,1.31985704716101E-005,1.34E-05
R622,C00002_[cyt]+C00061_[cyt]-->C00013_[cyt]+C00016_[cyt],0,1000,0,6.59928523580506E-006,6.69E-06
R623,C01847_[cyt]+C00006_[cyt]<==>C00061_[cyt]+C00005_[cyt]+C00080_[cyt],-1000,1000,0,-9.8989278537076E-006,-1.00E-05
R624,C01847_[cyt]+C00007_[cyt]+C00004_[cyt]+C00080_[cyt]-->C03114_[cyt]+C00279_[cyt]+C00001_[cyt]+C00003_[cyt],0,1000,0,6.59928523580506E-006,6.69E-06
R625,C00498_[cyt]+C00093_[cyt]-->C10517_[cyt]+C00008_[cyt],0,1000,0,0,0
R626,C10517_[cyt]+C00001_[cyt]-->C11546_[cyt]+C00009_[cyt],0,1000,0,0,0
R627,C00047_[cyt]-->C01672_[cyt]+C00011_[cyt],0,1000,0,0,0
R628,C00179_[cyt]+C00001_[cyt]-->C00134_[cyt]+C00086_[cyt],0,1000,0,0.0011383767,0.001154526
R629,C01137_[cyt]+C00134_[cyt]-->C00170_[cyt]+C00315_[cyt]+C00080_[cyt],0,1000,0,0.0001922042,0.0001949308
R630,C01137_[cyt]+C00315_[cyt]-->C00170_[cyt]+C00750_[cyt]+C00080_[cyt],0,1000,0,0,0
R631,C00170_[cyt]+C00009_[cyt]-->C00147_[cyt]+C04188_[cyt],0,1000,0,0.0001922042,0.0001949308
R632,C04188_[cyt]<==>C04582_[cyt],-1000,1000,0,0.0001922042,0.0001949308
R633,C00002_[cyt]+C00103_[cyt]-->C00013_[cyt]+C00498_[cyt],0,1000,0,0.005982309,0.0060671754
R634,C00498_[cyt]-->C00008_[cyt]+C00718_[cyt],0,1000,0,0,0.0060671754
R635,C00498_[cyt]-->C00008_[cyt]+C00718_[cyt],0,1000,0,0.005982309,0
R636,C00718_[cyt]+C00182N_[cyt]-->C00182_[cyt],0,1000,0,0.005982309,0.0060671754
R637,C00718_[cyt]+C00009_[cyt]-->C00103_[cyt],0,1000,0,0,0
R638,C00718_[cyt]+C00009_[cyt]-->C00103_[cyt],0,1000,0,0,0
R639,C00182_[cyt]+C00009_[cyt]-->C00103_[cyt]+C00182N_[cyt],0,1000,0,0,0
R640,C00182_[cyt]+C00009_[cyt]-->C00103_[cyt]+C00182N_[cyt],0,1000,0,0,0
R641,C00182_[cyt]+C00001_[cyt]-->C00031_[cyt]+C00182N_[cyt],0,1000,0,0,0
R642,C00182_[cyt]+C00001_[cyt]-->C00031_[cyt]+C00182N_[cyt],0,1000,0,0,0
R643,2*C00024_[cyt]<==>C00010_[cyt]+C00332_[cyt],-1000,1000,0,0,0
R644,C03561_[cyt]+C00006_[cyt]<==>C00332_[cyt]+C00005_[cyt]+C00080_[cyt],-1000,1000,0,0,0
R645,C03561_[cyt]<==>C06143_[cyt]+C00010_[cyt],-1000,1000,0,0,0
R646,1*C00049_[cyt]+1*C00062_[cyt]+2*C00002_[cyt]+E10N_[cyt]-->E10_[cyt]+2*C00009_[cyt]+2*C00008_[cyt],0,1000,0,0,0
R647,E10_[cyt]+2*C00001_[cyt]-->1*C00049_[cyt]+1*C00062_[cyt]+E10N_[cyt],0,1000,0,0,0
R648,C00022_[cyt]+C00118_[cyt]-->C11437_[cyt]+C00011_[cyt],0,1000,0,0.0048766328,0.0049458139
R649,C11437_[cyt]+C00005_[cyt]+C00080_[cyt]-->C11434_[cyt]+C00006_[cyt],0,1000,0,0.0048634343,0.0049324281
R650,C11434_[cyt]+C00063_[cyt]-->C11435_[cyt]+C00013_[cyt],0,1000,0,0.0048634343,0.0049324281
R651,C11435_[cyt]+C00002_[cyt]-->C11436_[cyt]+C00008_[cyt],0,1000,0,0.0048634343,0.0049324281
R652,C11436_[cyt]-->C11453_[cyt]+C00055_[cyt],0,1000,0,0.0048634343,0.0049324281
R653,C11453_[cyt]+2*C00138_[cyt]+2*C00080_[cyt]-->C11811_[cyt]+C00001_[cyt]+2*C00139_[cyt],0,1000,0,0.0048634343,0.0049324281
R654,C11811_[cyt]+C00005_[cyt]+C00080_[cyt]-->C00129_[cyt]+C00006_[cyt]+C00001_[cyt],0,1000,0,0,0.0036989028
R655,C11811_[cyt]+C00005_[cyt]+C00080_[cyt]-->C00235_[cyt]+C00006_[cyt]+C00001_[cyt],0,1000,0,0.0048634343,0.0012335253
R656,C00129_[cyt]<==>C00235_[cyt],-1000,1000,0,-0.0036471633,0
R657,C00235_[cyt]+C00129_[cyt]-->C00013_[cyt]+C00341_[cyt],0,1000,0,0.001216271,0.0012335253
R658,C00341_[cyt]+C00129_[cyt]-->C00013_[cyt]+C00448_[cyt],0,1000,0,0.001216271,0.0012335253
R659,C00448_[cyt]+C00129_[cyt]-->C00013_[cyt]+C00353_[cyt],0,1000,0,0.0012014226,0.0012184663
R660,C00448_[cyt]+8*C00129_[cyt]-->C04574_[cyt]+8*C00013_[cyt],0,1000,0,1.64982130895124E-006,1.67E-06
R661,C00353_[cyt]+3*C00080_[cyt]+3*C00005_[cyt]-->C05427_[cyt]+3*C00006_[cyt],0,1000,0,0.0006350674,0.0006440766
R662,C00341_[cyt]+7*C00129_[cyt]-->C04145_[cyt]+7*C00013_[cyt],0,1000,0,-2.28459326454227E-029,0
R663,C00353_[cyt]+5*C00129_[cyt]-->C04145_[cyt]+5*C00013_[cyt],0,1000,0,0,0
R664,C03373_[cyt]+C00019_[cyt]<==>C04556_[cyt]+C00073_[cyt]+C05198_[cyt]+C00058_[cyt]+C00237_[cyt],-1000,1000,0,6.59928523580531E-006,6.69E-06
R665,C00002_[cyt]+C04556_[cyt]-->C00008_[cyt]+C04752_[cyt],0,1000,0,6.59928523580531E-006,6.69E-06
R666,C00097_[cyt]+C00002_[cyt]+C11437_[cyt]+C00082_[cyt]+C00019_[cyt]+C00005_[cyt]+3*C00080_[cyt]-->C04327_[cyt]+C00013_[cyt]+C00073_[cyt]+C00041_[cyt]+C01468_[cyt]+C05198_[cyt]+C00011_[cyt]+2*C00001_[cyt]+C00020_[cyt]+C00006_[cyt],0,1000,0,6.59928523580531E-006,6.69E-06
R667,C04752_[cyt]+C04327_[cyt]+C00080_[cyt]-->C00013_[cyt]+C01081_[cyt],0,1000,0,6.59928523580531E-006,6.69E-06
R668,C00002_[cyt]+C01081_[cyt]-->C00008_[cyt]+C00068_[cyt],0,1000,0,6.59928523580531E-006,6.69E-06
R669,C00080_[ext]<==>C00080_[cyt],-1000,1000,0,1.6470544088,1.4597729254
R670,C00007_[ext]<==>C00007_[cyt],-1000,1000,0,-1.7829317944,-1.8082282412
R671,C00011_[cyt]-->C00011_[ext],0,1000,0,0.2076939057,0
R672,C00001_[ext]<==>C00001_[cyt],-1000,1000,0,-0.6185095888,-0.4166369205
R673,C00288_[ext]+C00002_[cyt]+C00001_[cyt]-->C00288_[cyt]+C00008_[cyt]+C00009_[cyt],0,1000,0,1.3871516977,1.1961898646
R674,C00288_[ext]+C01330_[ext]-->C00288_[cyt]+C01330_[cyt],0,0,0,0,0
R675,C00288_[ext]+C01330_[ext]-->C00288_[cyt]+C01330_[cyt],0,0,0,0,0
R676,C00080_[ext]+C00031_[ext]-->C00080_[cyt]+C00031_[cyt],0,0,0,0,0
R677,C00064_[ext]+C00002_[cyt]+C00001_[cyt]-->C00064_[cyt]+C00008_[cyt]+C00009_[cyt],0,0,0,0,0
R678,C00062_[ext]+C00002_[cyt]+C00001_[cyt]-->C00062_[cyt]+C00008_[cyt]+C00009_[cyt],0,0,0,0,0
R679,C00025_[ext]+C01330_[ext]-->C00025_[cyt]+C01330_[cyt],0,0,0,0,0
R680,C00025_[ext]+C01330_[ext]-->C00025_[cyt]+C01330_[cyt],0,0,0,0,0
R681,C00135_[ext]+C00002_[cyt]+C00001_[cyt]-->C00135_[cyt]+C00008_[cyt]+C00009_[cyt],0,0,0,0,0
R682,C00002_[cyt]+C00001_[cyt]+C00086_[ext]-->C00008_[cyt]+C00009_[cyt]+C00086_[cyt],0,0,0,0,0
R683,C00002_[cyt]+C00001_[cyt]+C00244_[ext]-->C00008_[cyt]+C00009_[cyt]+C00244_[cyt],0,1000,0,0,0.2589119559
R684,C00002_[cyt]+C00001_[cyt]+C00244_[ext]-->C00008_[cyt]+C00009_[cyt]+C00244_[cyt],0,1000,0,0.2552903455,0
R685,C01342_[ext]-->C01342_[cyt],0,0,0,0,0
R686,C01342_[ext]-->C01342_[cyt],0,0,0,0,0
R687,C01342_[ext]-->C01342_[cyt],0,0,0,0,0
R688,C00002_[cyt]+C00001_[cyt]+C00059_[ext]-->C00008_[cyt]+C00009_[cyt]+C00059_[cyt],0,1000,0,0,0
R689,C00059_[ext]-->C00059_[cyt],0,1000,0,0.0050801127,0.0051521804
R690,C00002_[cyt]+C00001_[cyt]+C00009_[ext]-->C00008_[cyt]+2*C00009_[cyt],0,1000,0,0.0206098716,0
R691,C00002_[cyt]+C00001_[cyt]+C00009_[ext]-->C00008_[cyt]+2*C00009_[cyt],0,1000,0,0,0.0209022482
R692,C06704_[ext]+C00002_[cyt]+C00001_[cyt]-->C06704_[cyt]+C00008_[cyt]+C00009_[cyt],0,1000,0,0,0
R693,C00034_[ext]+C00002_[cyt]+C00001_[cyt]-->C00034_[cyt]+C00008_[cyt]+C00009_[cyt],0,1000,0,8.61889407952127E-005,8.74E-05
R694,C00238_[ext]+C00002_[cyt]+C00001_[cyt]-->C00238_[cyt]+C00008_[cyt]+C00009_[cyt],0,1000,0,0,0
R695,C00238_[ext]+C01330_[cyt]-->C00238_[cyt]+C01330_[ext],0,1000,0,0.0048470612,0.0049158228
R696,C00038_[ext]+C00002_[cyt]+C00001_[cyt]-->C00038_[cyt]+C00008_[cyt]+C00009_[cyt],0,1000,0,0,0
R697,C00038_[ext]+C00002_[cyt]+C00001_[cyt]-->C00038_[cyt]+C00008_[cyt]+C00009_[cyt],0,1000,0,8.61889407952127E-005,8.74E-05
R698,C00291_[ext]+C00002_[cyt]+C00001_[cyt]-->C00291_[cyt]+C00008_[cyt]+C00009_[cyt],0,1000,0,0,0
R699,C00175_[ext]+C00002_[cyt]+C00001_[cyt]-->C00175_[cyt]+C00008_[cyt]+C00009_[cyt],0,1000,0,0,0
R700,C00175_[ext]+C00002_[cyt]+C00001_[cyt]-->C00175_[cyt]+C00008_[cyt]+C00009_[cyt],0,1000,0,9.27882260310178E-005,9.41E-05
R701,C14818_[ext]+C00044_[cyt]+C00001_[cyt]-->C14818_[cyt]+C00035_[cyt]+C00009_[cyt],0,1000,0,0.0002137941,0.000216827
R702,C00305_[ext]-->C00305_[cyt],0,1000,0,0,0
R703,C00305_[ext]-->C00305_[cyt],0,1000,0,0.00078932,0.0008005175
R704,C00305_[ext]+C00002_[cyt]+C00001_[cyt]-->C00305_[cyt]+C00008_[cyt]+C00009_[cyt],0,1000,0,0,0
R705,C00076_[ext]+C00002_[cyt]+C00001_[cyt]-->C00076_[cyt]+C00008_[cyt]+C00009_[cyt],0,1000,0,0,0
R706,C00080_[cyt]+C00076_[ext]<==>C00080_[ext]+C00076_[cyt],-1000,1000,0,0.0001291412,0.0001309732
R707,C00080_[cyt]+C01330_[ext]<==>C00080_[ext]+C01330_[cyt],-1000,1000,0,0.0049548685,0.0050251595
R708,C00070_[ext]+C00002_[cyt]+C00001_[cyt]-->C00070_[cyt]+C00008_[cyt]+C00009_[cyt],0,1000,0,8.61889407952127E-005,8.74E-05
R709,C06232_[ext]+C00002_[cyt]+C00001_[cyt]-->C06232_[cyt]+C00008_[cyt]+C00009_[cyt],0,1000,0,8.61889407952127E-005,8.74E-05
R710,C14819_[ext]+C00002_[cyt]+C00001_[cyt]-->C14819_[cyt]+C00008_[cyt]+C00009_[cyt],0,1000,0,0,0
R711,C14819_[ext]+C00002_[cyt]+C00001_[cyt]-->C14819_[cyt]+C00008_[cyt]+C00009_[cyt],0,1000,0,0.0001939962,0.0001967483
R712,C00134_[ext]+C00002_[cyt]+C00001_[cyt]-->C00134_[cyt]+C00008_[cyt]+C00009_[cyt],0,0,0,0,0
R713,C00315_[ext]+C00002_[cyt]+C00001_[cyt]-->C00315_[cyt]+C00008_[cyt]+C00009_[cyt],0,0,0,0,0
R714,E19_[cyt]-->E19_[ext],0,1000,0,1.31985704716106E-005,1.34E-05
R715,C04582_[cyt]-->C04582_[ext],0,1000,0,0.0001922042,0.0001949308
R716,C01468_[cyt]-->C01468_[ext],0,1000,0,6.59928523580531E-006,6.69E-06
R717,C00237_[cyt]-->C00237_[ext],0,1000,0,6.59928523580531E-006,6.69E-06
R718,C00080_[cyt]<==>C00080_[cax],-1000,1000,0,1.2136690451,1.2308864468
R719,C00007_[cyt]-->C00007_[cax],0,1000,0,0.037536156,0.038068653
R720,C00288_[cyt]-->C00288_[cax],0,1000,0,1.2136690451,1.2308864468
R721,C01182_[cyt]-->C01182_[cax],0,1000,0,1.2512052011,1.2689550998
R722,C00197_[cax]-->C00197_[cyt],0,1000,0,2.4648742462,2.4998415466
R723,C00988_[cax]-->C00988_[cyt],0,1000,0,0.037536156,0.038068653
R724,C00001_[cyt]<==>C00001_[tll],-1000,1000,0,5.1971274941,4.6720774771
R725,C00007_[tll]<==>C00007_[cyt],-1000,1000,0,2.598563747,2.3360387385
R726,C10385_[cyt]-->C10385_[tlm],0,1000,0,6.22451548863403E-016,0
R727,C00001_[pps]<==>C00001_[cyt],-1000,1000,0,0,0
R728,C00007_[pps]<==>C00007_[cyt],-1000,1000,0,0,0
R729,C10385_[cyt]-->C10385_[cym],0,1000,0,-6.22451548863403E-016,0
R730,C00279_[cyt]+C00003_[cyt]+C00001_[cyt]-->C03393_[cyt]+C00004_[cyt]+C00080_[cyt],0,1000,0,6.59928523580506E-006,6.69E-06
R731,C03393_[cyt]+C00003_[cyt]-->C06054_[cyt]+C00004_[cyt]+C00080_[cyt],0,1000,0,6.59928523580506E-006,6.69E-06
R732,C06055_[cyt]+C00026_[cyt]<==>C06054_[cyt]+C00025_[cyt],-1000,1000,0,-6.59928523580506E-006,-6.69E-06
R733,C06055_[cyt]+C00003_[cyt]-->C07335_[cyt]+C00004_[cyt]+C00080_[cyt],0,1000,0,6.59928523580506E-006,6.69E-06
R734,C07335_[cyt]-->C11638_[cyt]+C00011_[cyt],0,1000,0,6.59928523580506E-006,6.69E-06
R735,C11638_[cyt]+C11437_[cyt]<==>C00627_[cyt]+C00009_[cyt]+2*C00001_[cyt],-1000,1000,0,6.59928523580506E-006,6.69E-06
R736,C00627_[cyt]+C00007_[cyt]<==>C00027_[cyt]+C00018_[cyt],-1000,1000,0,6.59928523580506E-006,6.69E-06
R737,2*C00019_[cyt]+C01051_[cyt]-->2*C00021_[cyt]+C02463_[cyt],0,1000,0,6.59928523580506E-006,6.69E-06
R738,C00019_[cyt]+C02463_[cyt]-->C00021_[cyt]+C05772_[cyt],0,1000,0,6.59928523580507E-006,6.69E-06
R739,C05772_[cyt]+C00007_[cyt]+C00004_[cyt]+C00080_[cyt]-->C06406_[cyt]+C00003_[cyt]+C00001_[cyt],0,1000,0,6.59928523580507E-006,6.69E-06
R740,C00019_[cyt]+C06406_[cyt]-->C00021_[cyt]+C06407_[cyt],0,1000,0,6.59928523580507E-006,6.69E-06
R741,C00019_[cyt]+C06407_[cyt]-->C00021_[cyt]+C06416_[cyt],0,1000,0,6.59928523580507E-006,6.69E-06
R742,C06416_[cyt]+C00019_[cyt]+C00001_[cyt]-->C06320_[cyt]+C00033_[cyt]+C00021_[cyt],0,1000,0,6.59928523580507E-006,6.69E-06
R743,C06319_[cyt]+C00006_[cyt]<==>C06320_[cyt]+C00005_[cyt]+C00080_[cyt],-1000,1000,0,-6.59928523580506E-006,-6.69E-06
R744,2*C00019_[cyt]+C06319_[cyt]-->2*C00021_[cyt]+C06408_[cyt]+C00011_[cyt],0,1000,0,0,0
R745,2*C00019_[cyt]+C06319_[cyt]-->2*C00021_[cyt]+C06408_[cyt]+C00011_[cyt],0,1000,0,6.59928523580506E-006,6.69E-06
R746,C06408_[cyt]<==>C06399_[cyt],-1000,1000,0,0,6.69E-06
R747,C06408_[cyt]<==>C06399_[cyt],-1000,1000,0,0,0
R748,C06408_[cyt]<==>C06399_[cyt],-1000,1000,0,6.59928523580507E-006,0
R749,C06399_[cyt]+2*C00064_[cyt]+2*C00002_[cyt]+2*C00001_[cyt]-->C06503_[cyt]+2*C00009_[cyt]+2*C00025_[cyt]+2*C00008_[cyt],0,1000,0,6.59928523580506E-006,6.69E-06
R750,C06503_[cyt]+C00175_[cyt]+C00002_[cyt]+C00001_[cyt]-->C06504_[cyt]+C00009_[cyt]+C00008_[cyt]+C00080_[cyt],0,1000,0,0,0
R751,C06503_[cyt]+C00175_[cyt]+C00002_[cyt]+C00001_[cyt]-->C06504_[cyt]+C00009_[cyt]+C00008_[cyt]+C00080_[cyt],0,1000,0,6.59928523580506E-006,6.69E-06
R752,2*C06504_[cyt]+C01847_[cyt]<==>2*C06505_[cyt]+C00061_[cyt]+2*C00080_[cyt],-1000,1000,0,3.29964261790253E-006,3.35E-06
R753,C06505_[cyt]+C00002_[cyt]+C00080_[cyt]-->C06506_[cyt]+C00536_[cyt],0,1000,0,6.59928523580506E-006,6.69E-06
R754,C06506_[cyt]+4*C00064_[cyt]+4*C00002_[cyt]+4*C00001_[cyt]-->C06507_[cyt]+4*C00025_[cyt]+4*C00009_[cyt]+4*C00008_[cyt],0,1000,0,6.59928523580506E-006,6.69E-06
R755,C06507_[cyt]+C04122_[cyt]+C00002_[cyt]-->C06509_[cyt]+C00008_[cyt]+C00009_[cyt],0,1000,0,6.59928523580506E-006,6.69E-06
R756,C06509_[cyt]+C00044_[cyt]-->C06510_[cyt]+C00013_[cyt],0,1000,0,6.59928523580506E-006,6.69E-06
R757,C01185_[cyt]+C03114_[cyt]-->C00253_[cyt]+C04778_[cyt]+C00080_[cyt],0,1000,0,6.59928523580506E-006,6.69E-06
R758,C04778_[cyt]+C00001_[cyt]-->C05775_[cyt]+C00009_[cyt],0,1000,0,6.59928523580506E-006,6.69E-06
R759,C06510_[cyt]+C05775_[cyt]-->C00194_[cyt]+C00144_[cyt]+C00080_[cyt],0,1000,0,6.59928523580506E-006,6.69E-06
R760,C00311_[cyt]-->C00042_[cyt]+C00048_[cyt],0,0,0,0,0
R761,C00024_[cyt]+C00001_[cyt]+C00048_[cyt]-->C00149_[cyt]+C00010_[cyt],0,0,0,0,0
R762,C00026_[cyt]+C00010_[cyt]+C00003_[cyt]-->C00091_[cyt]+C00011_[cyt]+C00004_[cyt]+C00080_[cyt],0,1000,0,0,0
R763,C01182_[cax]+C00011_[cax]+C00001_[cax]-->2*C00197_[cax],0,0,0,0,0
R764,C01182_[cax]+C00007_[cax]-->C00197_[cax]+C00988_[cax],0,0,0,0,0
Ex_1,C00001_[ext]<==>,-1000,1000,0,0.6185095888,
Ex_2,C00007_[ext]<==>,-1000,1000,0,1.7829317944,
Ex_3,C00009_[ext]<==>,-1000,1000,0,-0.0206098716,
Ex_4,C00011_[ext]<==>,-1000,1000,0,0.2076939057,
Ex_5,C00025_[ext]<==>,-1000,1000,0,0,
Ex_6,C00031_[ext]<==>,-1000,1000,0,0,
Ex_7,C00034_[ext]<==>,-1000,1000,0,-8.61889407952127E-005,
Ex_8,C00038_[ext]<==>,-1000,1000,0,-8.61889407952127E-005,
Ex_9,C00059_[ext]<==>,-1000,1000,0,-0.0050801127,
Ex_10,C00062_[ext]<==>,-1000,1000,0,0,
Ex_11,C00064_[ext]<==>,-1000,1000,0,0,
Ex_12,C00070_[ext]<==>,-1000,1000,0,-8.61889407952127E-005,
Ex_13,C00076_[ext]<==>,-1000,1000,0,-0.0001291412,
Ex_14,C00080_[ext]<==>,-1000,1000,0,-1.6419703991,
Ex_15,C00086_[ext]<==>,-1000,1000,0,0,
Ex_16,C00134_[ext]<==>,-1000,1000,0,0,
Ex_17,C00135_[ext]<==>,-1000,1000,0,0,
Ex_18,C00175_[ext]<==>,-1000,1000,0,-9.27882260310178E-005,
Ex_19,C00237_[ext]<==>,-1000,1000,0,6.59928523580531E-006,
Ex_20,C00238_[ext]<==>,-1000,1000,0,-0.0048470612,
Ex_21,C00244_[ext]<==>,-1000,1000,0,-0.2552903455,
Ex_22,C00288_[ext]<==>,-1000,1000,0,-1.3871516977,
Ex_23,C00291_[ext]<==>,-1000,1000,0,0,
Ex_24,C00305_[ext]<==>,-1000,1000,0,-0.00078932,
Ex_25,C00315_[ext]<==>,-1000,1000,0,0,
Ex_26,C01330_[ext]<==>,-1000,1000,0,-0.0001078073,
Ex_27,C01342_[ext]<==>,-1000,1000,0,0,
Ex_28,C01468_[ext]<==>,-1000,1000,0,6.59928523580531E-006,
Ex_29,C04582_[ext]<==>,-1000,1000,0,0.0001922042,
Ex_30,C06232_[ext]<==>,-1000,1000,0,-8.61889407952127E-005,
Ex_31,C06704_[ext]<==>,-1000,1000,0,0,
Ex_32,C14818_[ext]<==>,-1000,1000,0,-0.0002137941,
Ex_33,C14819_[ext]<==>,-1000,1000,0,-0.0001939962,
Ex_34,E1_[ext]<==>,-18.7,-18.7,0,-18.7,
Ex_35,E19_[ext]<==>,-1000,1000,0,1.31985704716106E-005,
Glycogen Storage,C00182N_[cyt]<==>,-1000,1000,0,-0.005982309,
Ferrocytochrome,C00998_[cyt]<==>,-1000,1000,0,0,
Cyanophycin polymer,E10N_[cyt]<==>,-1000,1000,0,0,
Ctsteine,C15811_[cyt]<==>,-1000,1000,0,0,
Ferricytochrome,C00995_[cyt]<==>,-1000,1000,0,0,
DNA cytosine,C00856_[cyt]<==>,-1000,1000,0,0,
DNA 5-methylcytosine_,C02967_[cyt]<==>,-1000,1000,0,0,
[Enzyme]-S-sulfanylcysteine,C15812_[cyt]<==>,-1000,1000,0,0,
Biomass reaction,53.35*C00002_[cyt]+53.35*C00001_[cyt]+0.51*B1_[cyt]+0.031*B2_[cyt]+0.17*B3_[cyt]+0.059000000000000004*B4_[cyt]+0.12*B5_[cyt]+0.029*B6_[cyt]+0.01*B7_[cyt]+0.0244*B8_[cyt]+0.21031000000000002*C00182_[cyt]-->53.35*C00008_[cyt]+53.35*C00009_[cyt],0,999,0,0.028445195,
Growth,Biomass-->,0.028445195,0.028445195,0,0.028445195,
